,id,updated,biographyUrl,canton,cantonName,council,faction,factionName,firstName,function,lastName,number,party,partyName,pictureUrl,homepage,fb_id,fb_name,fb_link
Ada Marra,3923,2015-11-24T15:14:37Z,http://www.parlament.ch/d/suche/Seiten/biografie.aspx?biografie_id=3923,VD,Waadt,N,S,Sozialdemokratische Fraktion,Ada,Mitglied,Marra,2726,SP,Sozialdemokratische Partei der Schweiz,http://www.parlament.ch/SiteCollectionImages/profil/225x225/2726.jpg,www.adamarra.blogspot.com,,,
Adrian Amstutz,1135,2017-12-18T11:02:35Z,http://www.parlament.ch/d/suche/Seiten/biografie.aspx?biografie_id=1135,BE,Bern,N,V,Fraktion der Schweizerischen Volkspartei,Adrian,Mitglied,Amstutz,2584,SVP,Schweizerische Volkspartei,http://www.parlament.ch/SiteCollectionImages/profil/225x225/2584.jpg,www.adrian-amstutz.ch,936320439757809,Adrian Amstutz,AmstutzAdrian/
Adèle Thorens Goumaz,3907,2016-05-02T12:08:40Z,http://www.parlament.ch/d/suche/Seiten/biografie.aspx?biografie_id=3907,VD,Waadt,N,G,Grüne Fraktion,Adèle,Mitglied,Thorens Goumaz,2710,GPS,Grüne Partei der Schweiz,http://www.parlament.ch/SiteCollectionImages/profil/225x225/2710.jpg,www.adelethorens.ch,,,
Albert Rösti,4100,2018-01-24T17:34:17Z,http://www.parlament.ch/d/suche/Seiten/biografie.aspx?biografie_id=4100,BE,Bern,N,V,Fraktion der Schweizerischen Volkspartei,Albert,Mitglied,Rösti,3010,SVP,Schweizerische Volkspartei,http://www.parlament.ch/SiteCollectionImages/profil/225x225/3010.jpg,www.albertroesti.ch,122996304433025,Albert Rösti,albert.roesti/
Albert Vitali,4054,2016-06-13T11:01:16Z,http://www.parlament.ch/d/suche/Seiten/biografie.aspx?biografie_id=4054,LU,Luzern,N,RL,FDP-Liberale Fraktion,Albert,Mitglied,Vitali,2761,FDP-Liberale,FDP.Die Liberalen,http://www.parlament.ch/SiteCollectionImages/profil/225x225/2761.jpg,www.albert-vitali.ch,,,Albert.Vitali
Alex Kuprecht,1162,2015-11-13T14:44:30Z,http://www.parlament.ch/d/suche/Seiten/biografie.aspx?biografie_id=1162,SZ,Schwyz,S,V,Fraktion der Schweizerischen Volkspartei,Alex,Mitglied,Kuprecht,2641,SVP,Schweizerische Volkspartei,http://www.parlament.ch/SiteCollectionImages/profil/225x225/2641.jpg,www.alex-kuprecht.ch,,,
Alexander Tschäppät,224,2015-05-17T21:18:19Z,http://www.parlament.ch/d/suche/Seiten/biografie.aspx?biografie_id=224,BE,Bern,N,S,Sozialdemokratische Fraktion,Alexander,Mitglied,Tschäppät,2328,SP,Sozialdemokratische Partei der Schweiz,http://www.parlament.ch/SiteCollectionImages/profil/225x225/2328.jpg,,,,
Alfred Heer,3887,2015-11-17T15:28:49Z,http://www.parlament.ch/d/suche/Seiten/biografie.aspx?biografie_id=3887,ZH,Zürich,N,V,Fraktion der Schweizerischen Volkspartei,Alfred,Mitglied,Heer,2690,SVP,Schweizerische Volkspartei,http://www.parlament.ch/SiteCollectionImages/profil/225x225/2690.jpg,,,,
Alice Glauser-Zufferey,3883,2016-09-01T13:33:02Z,http://www.parlament.ch/d/suche/Seiten/biografie.aspx?biografie_id=3883,VD,Waadt,N,V,Fraktion der Schweizerischen Volkspartei,Alice,Mitglied,Glauser-Zufferey,2686,SVP,Schweizerische Volkspartei,http://www.parlament.ch/SiteCollectionImages/profil/225x225/2686.jpg,www.aliceglauser.ch,,,
Alois Gmür,4096,2016-08-22T15:46:49Z,http://www.parlament.ch/d/suche/Seiten/biografie.aspx?biografie_id=4096,SZ,Schwyz,N,C,CVP-Fraktion,Alois,Mitglied,Gmür,3001,CVP,Christlichdemokratische Volkspartei der Schweiz,http://www.parlament.ch/SiteCollectionImages/profil/225x225/3001.jpg,www.aloisgmuer.ch,223317361037232,Alois Gmür Nationalrat,AloisGmuer/
Andrea Caroni,4075,2018-01-24T17:33:55Z,http://www.parlament.ch/d/suche/Seiten/biografie.aspx?biografie_id=4075,AR,Appenzell A.-Rh.,S,RL,FDP-Liberale Fraktion,Andrea,Mitglied,Caroni,2775,FDP-Liberale,FDP.Die Liberalen,http://www.parlament.ch/SiteCollectionImages/profil/225x225/2775.jpg,www.andrea-caroni.ch,,,andrea.claudio.caroni
Andrea Gmür-Schönenberger,4181,2018-01-10T16:55:25Z,http://www.parlament.ch/d/suche/Seiten/biografie.aspx?biografie_id=4181,LU,Luzern,N,C,CVP-Fraktion,Andrea,Mitglied,Gmür-Schönenberger,3075,CVP,Christlichdemokratische Volkspartei der Schweiz,http://www.parlament.ch/SiteCollectionImages/profil/225x225/3075.jpg,www.andrea-gmuer.ch,873466729398222,Andrea Gmür-Schönenberger,andrea.gmurschonenberger
Andrea Martina Geissbühler,3880,2015-11-12T11:12:33Z,http://www.parlament.ch/d/suche/Seiten/biografie.aspx?biografie_id=3880,BE,Bern,N,V,Fraktion der Schweizerischen Volkspartei,Andrea Martina,Mitglied,Geissbühler,2683,SVP,Schweizerische Volkspartei,http://www.parlament.ch/SiteCollectionImages/profil/225x225/2683.jpg,www.andreageissbühler.ch,,,profile.php?id=100008563236233&lst=626842824%3A100008563236233%3A1519380031
Andreas Aebi,3867,2018-01-16T09:29:48Z,http://www.parlament.ch/d/suche/Seiten/biografie.aspx?biografie_id=3867,BE,Bern,N,V,Fraktion der Schweizerischen Volkspartei,Andreas,Mitglied,Aebi,2670,SVP,Schweizerische Volkspartei,http://www.parlament.ch/SiteCollectionImages/profil/225x225/2670.jpg,www.aebi-andreas.ch,,,
Andreas Glarner,4161,2015-10-27T15:17:07Z,http://www.parlament.ch/d/suche/Seiten/biografie.aspx?biografie_id=4161,AG,Aargau,N,V,Fraktion der Schweizerischen Volkspartei,Andreas,Mitglied,Glarner,3074,SVP,Schweizerische Volkspartei,http://www.parlament.ch/SiteCollectionImages/profil/225x225/3074.jpg,www.andreas-glarner.ch,,,andreas.glarner.3
Angelo Barrile,4203,2017-11-20T08:47:54Z,http://www.parlament.ch/d/suche/Seiten/biografie.aspx?biografie_id=4203,ZH,Zürich,N,S,Sozialdemokratische Fraktion,Angelo,Mitglied,Barrile,3104,SP,Sozialdemokratische Partei der Schweiz,http://www.parlament.ch/SiteCollectionImages/profil/225x225/3104.jpg,www.barrile.ch,,,https://www.barrile.ch/facebook/
Anita Fetz,466,2017-12-20T08:49:46Z,http://www.parlament.ch/d/suche/Seiten/biografie.aspx?biografie_id=466,BS,Basel-Stadt,S,S,Sozialdemokratische Fraktion,Anita,Mitglied,Fetz,2061,SP,Sozialdemokratische Partei der Schweiz,http://www.parlament.ch/SiteCollectionImages/profil/225x225/2061.jpg,www.fetz.ch,,,pages/Anita-Fetz-Basel-Unsere-Ständerätin/214896735225801?sk=wall&filter=12
Anne Seydoux-Christe,3920,2016-02-01T11:32:54Z,http://www.parlament.ch/d/suche/Seiten/biografie.aspx?biografie_id=3920,JU,Jura,S,C,CVP-Fraktion,Anne,Mitglied,Seydoux-Christe,2723,CVP,Christlichdemokratische Volkspartei der Schweiz,http://www.parlament.ch/SiteCollectionImages/profil/225x225/2723.jpg,,,,
Balthasar Glättli,4093,2017-11-30T09:25:15Z,http://www.parlament.ch/d/suche/Seiten/biografie.aspx?biografie_id=4093,ZH,Zürich,N,G,Grüne Fraktion,Balthasar,Präsident/in,Glättli,3003,GPS,Grüne Partei der Schweiz,http://www.parlament.ch/SiteCollectionImages/profil/225x225/3003.jpg,www.balthasar-glaettli.ch,34245372756,Balthasar Glättli,glaettli.ch
Barbara Gysi,4121,2015-05-17T21:18:19Z,http://www.parlament.ch/d/suche/Seiten/biografie.aspx?biografie_id=4121,SG,St. Gallen,N,S,Sozialdemokratische Fraktion,Barbara,Mitglied,Gysi,3026,SP,Sozialdemokratische Partei der Schweiz,http://www.parlament.ch/SiteCollectionImages/profil/225x225/3026.jpg,www.barbara-gysi.ch,,,barbara.gysi
Barbara Keller-Inhelder,4165,2015-10-30T17:14:05Z,http://www.parlament.ch/d/suche/Seiten/biografie.aspx?biografie_id=4165,SG,St. Gallen,N,V,Fraktion der Schweizerischen Volkspartei,Barbara,Mitglied,Keller-Inhelder,3081,SVP,Schweizerische Volkspartei,http://www.parlament.ch/SiteCollectionImages/profil/225x225/3081.jpg,www.keller-inhelder.ch,611291769010341,Barbara Keller-Inhelder,barbara.kellerinhelder
Barbara Schmid-Federer,3904,2016-03-30T09:32:06Z,http://www.parlament.ch/d/suche/Seiten/biografie.aspx?biografie_id=3904,ZH,Zürich,N,C,CVP-Fraktion,Barbara,Mitglied,Schmid-Federer,2707,CVP,Christlichdemokratische Volkspartei der Schweiz,http://www.parlament.ch/SiteCollectionImages/profil/225x225/2707.jpg,www.schmid-federer.ch,,,
Barbara Steinemann,4174,2016-09-29T08:45:41Z,http://www.parlament.ch/d/suche/Seiten/biografie.aspx?biografie_id=4174,ZH,Zürich,N,V,Fraktion der Schweizerischen Volkspartei,Barbara,Mitglied,Steinemann,3096,SVP,Schweizerische Volkspartei,http://www.parlament.ch/SiteCollectionImages/profil/225x225/3096.jpg,,,,
Bastien Girod,3882,2015-11-17T08:40:09Z,http://www.parlament.ch/d/suche/Seiten/biografie.aspx?biografie_id=3882,ZH,Zürich,N,G,Grüne Fraktion,Bastien,Mitglied,Girod,2685,GPS,Grüne Partei der Schweiz,http://www.parlament.ch/SiteCollectionImages/profil/225x225/2685.jpg,www.bastiengirod.ch,607076092768471,Bastien Girod,bastien.girod/
Bea Heim,1156,2016-04-05T11:09:32Z,http://www.parlament.ch/d/suche/Seiten/biografie.aspx?biografie_id=1156,SO,Solothurn,N,S,Sozialdemokratische Fraktion,Bea,Mitglied,Heim,2601,SP,Sozialdemokratische Partei der Schweiz,http://www.parlament.ch/SiteCollectionImages/profil/225x225/2601.jpg,www.bea-heim.ch,122765071080962,Nationalrätin Bea Heim,nationalraetin
Beat Arnold,4155,2018-02-20T08:53:27Z,http://www.parlament.ch/d/suche/Seiten/biografie.aspx?biografie_id=4155,UR,Uri,N,V,Fraktion der Schweizerischen Volkspartei,Beat,Mitglied,Arnold,3057,SVP,Schweizerische Volkspartei,http://www.parlament.ch/SiteCollectionImages/profil/225x225/3057.jpg,,176192032712789,Beat Arnold in den Nationalrat,Beat-Arnold-in-den-Nationalrat
Beat Flach,4059,2018-02-21T11:15:58Z,http://www.parlament.ch/d/suche/Seiten/biografie.aspx?biografie_id=4059,AG,Aargau,N,GL,Grünliberale Fraktion,Beat,Mitglied,Flach,2765,glp,Grünliberale Partei,http://www.parlament.ch/SiteCollectionImages/profil/225x225/2765.jpg,www.beatflach.ch,136094309799201,Beat Flach,Beat-Flach
Beat Jans,4032,2016-03-29T11:16:08Z,http://www.parlament.ch/d/suche/Seiten/biografie.aspx?biografie_id=4032,BS,Basel-Stadt,N,S,Sozialdemokratische Fraktion,Beat,Mitglied,Jans,2745,SP,Sozialdemokratische Partei der Schweiz,http://www.parlament.ch/SiteCollectionImages/profil/225x225/2745.jpg,,,,
Beat Rieder,4204,2015-11-27T14:24:59Z,http://www.parlament.ch/d/suche/Seiten/biografie.aspx?biografie_id=4204,VS,Wallis,S,C,CVP-Fraktion,Beat,Mitglied,Rieder,3105,CVP,Christlichdemokratische Volkspartei der Schweiz,http://www.parlament.ch/SiteCollectionImages/profil/225x225/3105.jpg,www.beat-rieder.ch,699952153446926,Ständerat Beat Rieder,beatrieder63
Beat Vonlanthen,4205,2017-05-23T14:52:43Z,http://www.parlament.ch/d/suche/Seiten/biografie.aspx?biografie_id=4205,FR,Freiburg,S,C,CVP-Fraktion,Beat,Mitglied,Vonlanthen,3106,CVP,Christlichdemokratische Volkspartei der Schweiz,http://www.parlament.ch/SiteCollectionImages/profil/225x225/3106.jpg,www.beat-vonlanthen.ch,1872050999707868,Beat Vonlanthen,beat.vonlanthen.ch/
Beat Walti,4142,2015-11-17T15:03:14Z,http://www.parlament.ch/d/suche/Seiten/biografie.aspx?biografie_id=4142,ZH,Zürich,N,RL,FDP-Liberale Fraktion,Beat,Präsident/in,Walti,3044,FDP-Liberale,FDP.Die Liberalen,http://www.parlament.ch/SiteCollectionImages/profil/225x225/3044.jpg,www.beatwalti.ch,,,beat.walti.zh
Benoît Genecand,4191,2015-11-06T17:43:13Z,http://www.parlament.ch/d/suche/Seiten/biografie.aspx?biografie_id=4191,GE,Genf,N,RL,FDP-Liberale Fraktion,Benoît,Mitglied,Genecand,3073,FDP-Liberale,FDP.Die Liberalen,http://www.parlament.ch/SiteCollectionImages/profil/225x225/3073.jpg,,,,
Bernhard Guhl,4082,2018-02-21T09:29:49Z,http://www.parlament.ch/d/suche/Seiten/biografie.aspx?biografie_id=4082,AG,Aargau,N,BD,Fraktion BD,Bernhard,Mitglied,Guhl,2785,BDP,Bürgerlich-Demokratische Partei Schweiz,http://www.parlament.ch/SiteCollectionImages/profil/225x225/2785.jpg,www.bernhard-guhl.ch,,,pages/Bernhard-Guhl-in-den-Nationalrat/233107483380322
Brigitte Häberli-Koller,1106,2015-10-27T16:31:16Z,http://www.parlament.ch/d/suche/Seiten/biografie.aspx?biografie_id=1106,TG,Thurgau,S,C,CVP-Fraktion,Brigitte,Mitglied,Häberli-Koller,2600,CVP,Christlichdemokratische Volkspartei der Schweiz,http://www.parlament.ch/SiteCollectionImages/profil/225x225/2600.jpg,www.brigitte-haeberli.ch,,,brigitte.haeberli
Bruno Pezzatti,4084,2016-04-05T11:10:55Z,http://www.parlament.ch/d/suche/Seiten/biografie.aspx?biografie_id=4084,ZG,Zug,N,RL,FDP-Liberale Fraktion,Bruno,Mitglied,Pezzatti,2784,FDP-Liberale,FDP.Die Liberalen,http://www.parlament.ch/SiteCollectionImages/profil/225x225/2784.jpg,www.bruno-pezzatti.ch,139407396158607,Bruno Pezzatti,Bruno-Pezzatti
Bruno Walliser,4177,2016-11-09T13:54:25Z,http://www.parlament.ch/d/suche/Seiten/biografie.aspx?biografie_id=4177,ZH,Zürich,N,V,Fraktion der Schweizerischen Volkspartei,Bruno,Mitglied,Walliser,3099,SVP,Schweizerische Volkspartei,http://www.parlament.ch/SiteCollectionImages/profil/225x225/3099.jpg,www.brunowalliser.ch,1693420944241237,Bruno Walliser,nationalratbrunowalliser/
Carlo Sommaruga,1120,2017-11-02T11:05:43Z,http://www.parlament.ch/d/suche/Seiten/biografie.aspx?biografie_id=1120,GE,Genf,N,S,Sozialdemokratische Fraktion,Carlo,Mitglied,Sommaruga,2632,SP,Sozialdemokratische Partei der Schweiz,http://www.parlament.ch/SiteCollectionImages/profil/225x225/2632.jpg,www.carlosommaruga.ch,840937016002783,Carlo Sommaruga,carlo.sommaruga/
Chantal Galladé,1125,2015-11-17T07:51:36Z,http://www.parlament.ch/d/suche/Seiten/biografie.aspx?biografie_id=1125,ZH,Zürich,N,S,Sozialdemokratische Fraktion,Chantal,Mitglied,Galladé,2597,SP,Sozialdemokratische Partei der Schweiz,http://www.parlament.ch/SiteCollectionImages/profil/225x225/2597.jpg,www.chantalgallade.ch,465059620336122,Chantal Galladé,chantal.gallade.official/
Christa Markwalder,1139,2018-02-21T10:15:57Z,http://www.parlament.ch/d/suche/Seiten/biografie.aspx?biografie_id=1139,BE,Bern,N,RL,FDP-Liberale Fraktion,Christa,Mitglied,Markwalder,2614,FDP-Liberale,FDP.Die Liberalen,http://www.parlament.ch/SiteCollectionImages/profil/225x225/2614.jpg,www.christa-markwalder.ch,324220637588915,Christa Markwalder,christa.markwalder
Christian Imark,4164,2018-01-10T16:54:17Z,http://www.parlament.ch/d/suche/Seiten/biografie.aspx?biografie_id=4164,SO,Solothurn,N,V,Fraktion der Schweizerischen Volkspartei,Christian,Mitglied,Imark,3080,SVP,Schweizerische Volkspartei,http://www.parlament.ch/SiteCollectionImages/profil/225x225/3080.jpg,www.schwarzbuben.ch,,,
Christian Levrat,1150,2015-11-20T13:50:17Z,http://www.parlament.ch/d/suche/Seiten/biografie.aspx?biografie_id=1150,FR,Freiburg,S,S,Sozialdemokratische Fraktion,Christian,Mitglied,Levrat,2613,SP,Sozialdemokratische Partei der Schweiz,http://www.parlament.ch/SiteCollectionImages/profil/225x225/2613.jpg,www.levrat.ch,,,christian.levrat.5
Christian Lohr,4118,2016-09-01T13:31:27Z,http://www.parlament.ch/d/suche/Seiten/biografie.aspx?biografie_id=4118,TG,Thurgau,N,C,CVP-Fraktion,Christian,Mitglied,Lohr,3024,CVP,Christlichdemokratische Volkspartei der Schweiz,http://www.parlament.ch/SiteCollectionImages/profil/225x225/3024.jpg,www.lohr.ch,239764826034395,Christian Lohr,Christian-Lohr
Christian Lüscher,3895,2015-12-03T15:50:14Z,http://www.parlament.ch/d/suche/Seiten/biografie.aspx?biografie_id=3895,GE,Genf,N,RL,FDP-Liberale Fraktion,Christian,Mitglied,Lüscher,2698,FDP-Liberale,FDP.Die Liberalen,http://www.parlament.ch/SiteCollectionImages/profil/225x225/2698.jpg,www.cms-vep.com,,,
Christian Wasserfallen,3912,2016-08-15T09:12:20Z,http://www.parlament.ch/d/suche/Seiten/biografie.aspx?biografie_id=3912,BE,Bern,N,RL,FDP-Liberale Fraktion,Christian,Mitglied,Wasserfallen,2715,FDP-Liberale,FDP.Die Liberalen,http://www.parlament.ch/SiteCollectionImages/profil/225x225/2715.jpg,www.cewe.ch,172448109482081,Christian Wasserfallen,wasserfallen.ch/
Christine Bulliard-Marbach,4101,2015-11-11T08:36:23Z,http://www.parlament.ch/d/suche/Seiten/biografie.aspx?biografie_id=4101,FR,Freiburg,N,C,CVP-Fraktion,Christine,Mitglied,Bulliard-Marbach,3017,CVP,Christlichdemokratische Volkspartei der Schweiz,http://www.parlament.ch/SiteCollectionImages/profil/225x225/3017.jpg,www.christine-bulliard.ch,138089386264987,Christine Bulliard-Marbach,ChristineBulliardMarbach/
Christine Häsler,4149,2017-12-11T11:13:26Z,http://www.parlament.ch/d/suche/Seiten/biografie.aspx?biografie_id=4149,BE,Bern,N,G,Grüne Fraktion,Christine,Mitglied,Häsler,3051,GPS,Grüne Partei der Schweiz,http://www.parlament.ch/SiteCollectionImages/profil/225x225/3051.jpg,www.christinehaesler.ch,,,christine.hasler.9
Christoph Eymann,74,2018-01-10T16:53:09Z,http://www.parlament.ch/d/suche/Seiten/biografie.aspx?biografie_id=74,BS,Basel-Stadt,N,RL,FDP-Liberale Fraktion,Christoph,Mitglied,Eymann,2287,LDP,Liberal-Demokratische Partei,http://www.parlament.ch/SiteCollectionImages/profil/225x225/2287.jpg,,,,
Claude Béglé,4182,2016-06-06T10:24:49Z,http://www.parlament.ch/d/suche/Seiten/biografie.aspx?biografie_id=4182,VD,Waadt,N,C,CVP-Fraktion,Claude,Mitglied,Béglé,3060,CVP,Christlichdemokratische Volkspartei der Schweiz,http://www.parlament.ch/SiteCollectionImages/profil/225x225/3060.jpg,www.begle.ch,,,thgetgfgfg
Claude Hêche,3916,2016-06-06T10:40:50Z,http://www.parlament.ch/d/suche/Seiten/biografie.aspx?biografie_id=3916,JU,Jura,S,S,Sozialdemokratische Fraktion,Claude,Mitglied,Hêche,2719,SP,Sozialdemokratische Partei der Schweiz,http://www.parlament.ch/SiteCollectionImages/profil/225x225/2719.jpg,,,,
Claude Janiak,477,2016-02-03T13:23:37Z,http://www.parlament.ch/d/suche/Seiten/biografie.aspx?biografie_id=477,BL,Basel-Landschaft,S,S,Sozialdemokratische Fraktion,Claude,Mitglied,Janiak,2501,SP,Sozialdemokratische Partei der Schweiz,http://www.parlament.ch/SiteCollectionImages/profil/225x225/2501.jpg,www.janiak.ch,185878524809339,Claude Janiak,claudejaniak/
Claudia Friedl,4131,2015-11-12T09:05:09Z,http://www.parlament.ch/d/suche/Seiten/biografie.aspx?biografie_id=4131,SG,St. Gallen,N,S,Sozialdemokratische Fraktion,Claudia,Mitglied,Friedl,3035,SP,Sozialdemokratische Partei der Schweiz,http://www.parlament.ch/SiteCollectionImages/profil/225x225/3035.jpg,www.claudia-friedl.ch,411552625713144,Claudia Friedl,nationalraetinclaudiafriedl/
Claudio Zanetti,4178,2015-10-29T17:31:42Z,http://www.parlament.ch/d/suche/Seiten/biografie.aspx?biografie_id=4178,ZH,Zürich,N,V,Fraktion der Schweizerischen Volkspartei,Claudio,Mitglied,Zanetti,3101,SVP,Schweizerische Volkspartei,http://www.parlament.ch/SiteCollectionImages/profil/225x225/3101.jpg,www.zanetti.ch,,,
Corina Eichenberger-Walther,3875,2018-02-21T09:44:33Z,http://www.parlament.ch/d/suche/Seiten/biografie.aspx?biografie_id=3875,AG,Aargau,N,RL,FDP-Liberale Fraktion,Corina,Mitglied,Eichenberger-Walther,2678,FDP-Liberale,FDP.Die Liberalen,http://www.parlament.ch/SiteCollectionImages/profil/225x225/2678.jpg,www.corinaeichenberger.ch,407604526077116,Corina Eichenberger,eichenberger.corina/
Corrado Pardini,4045,2016-11-21T12:10:14Z,http://www.parlament.ch/d/suche/Seiten/biografie.aspx?biografie_id=4045,BE,Bern,N,S,Sozialdemokratische Fraktion,Corrado,Mitglied,Pardini,2751,SP,Sozialdemokratische Partei der Schweiz,http://www.parlament.ch/SiteCollectionImages/profil/225x225/2751.jpg,www.pardini.ch,,,pages/Nationalrat-Corrado-Pardini/252750384787532
Cédric Wermuth,4057,2017-12-13T11:28:39Z,http://www.parlament.ch/d/suche/Seiten/biografie.aspx?biografie_id=4057,AG,Aargau,N,S,Sozialdemokratische Fraktion,Cédric,Mitglied,Wermuth,2759,SP,Sozialdemokratische Partei der Schweiz,http://www.parlament.ch/SiteCollectionImages/profil/225x225/2759.jpg,www.cedricwermuth.ch,,,cedricwermuth?fref=ts
Céline Amaudruz,4090,2016-05-02T13:41:49Z,http://www.parlament.ch/d/suche/Seiten/biografie.aspx?biografie_id=4090,GE,Genf,N,V,Fraktion der Schweizerischen Volkspartei,Céline,Mitglied,Amaudruz,2796,SVP,Schweizerische Volkspartei,http://www.parlament.ch/SiteCollectionImages/profil/225x225/2796.jpg,,,,
Damian Müller,4207,2018-01-11T17:25:57Z,http://www.parlament.ch/d/suche/Seiten/biografie.aspx?biografie_id=4207,LU,Luzern,S,RL,FDP-Liberale Fraktion,Damian,Mitglied,Müller,3108,FDP-Liberale,FDP.Die Liberalen,http://www.parlament.ch/SiteCollectionImages/profil/225x225/3108.jpg,www.damian-mueller.ch,194211650769327,Damian Müller,damianmueller.ch/
Daniel Brélaz,724,2015-11-06T17:42:14Z,http://www.parlament.ch/d/suche/Seiten/biografie.aspx?biografie_id=724,VD,Waadt,N,G,Grüne Fraktion,Daniel,Mitglied,Brélaz,2023,GPS,Grüne Partei der Schweiz,http://www.parlament.ch/SiteCollectionImages/profil/225x225/2023.jpg,,279933969053834,Daniel Brélaz,brelaz.daniel/
Daniel Fässler,4056,2017-11-27T17:22:19Z,http://www.parlament.ch/d/suche/Seiten/biografie.aspx?biografie_id=4056,AI,Appenzell I.-Rh.,N,C,CVP-Fraktion,Daniel,Mitglied,Fässler,2767,CVP,Christlichdemokratische Volkspartei der Schweiz,http://www.parlament.ch/SiteCollectionImages/profil/225x225/2767.jpg,,,,
Daniel Jositsch,3891,2017-06-01T10:47:31Z,http://www.parlament.ch/d/suche/Seiten/biografie.aspx?biografie_id=3891,ZH,Zürich,S,S,Sozialdemokratische Fraktion,Daniel,Mitglied,Jositsch,2694,SP,Sozialdemokratische Partei der Schweiz,http://www.parlament.ch/SiteCollectionImages/profil/225x225/2694.jpg,www.jositsch.ch,808643422583057,Daniel Jositsch,danieljositsch/
Daniela Schneeberger,4060,2016-11-01T11:54:56Z,http://www.parlament.ch/d/suche/Seiten/biografie.aspx?biografie_id=4060,BL,Basel-Landschaft,N,RL,FDP-Liberale Fraktion,Daniela,Mitglied,Schneeberger,2766,FDP-Liberale,FDP.Die Liberalen,http://www.parlament.ch/SiteCollectionImages/profil/225x225/2766.jpg,www.danielaschneeberger.ch,,,Daniela-Schneeberger-im-Nationalrat-195216777206619
David Zuberbühler,4179,2016-06-21T09:05:26Z,http://www.parlament.ch/d/suche/Seiten/biografie.aspx?biografie_id=4179,AR,Appenzell A.-Rh.,N,V,Fraktion der Schweizerischen Volkspartei,David,Mitglied,Zuberbühler,3102,SVP,Schweizerische Volkspartei,http://www.parlament.ch/SiteCollectionImages/profil/225x225/3102.jpg,www.däzubi.ch,477857185715118,David Zuberbühler,nationalratAR/
Denis de la Reussille,4201,2018-01-10T16:43:45Z,http://www.parlament.ch/d/suche/Seiten/biografie.aspx?biografie_id=4201,NE,Neuenburg,N,G,Grüne Fraktion,Denis,Mitglied,de la Reussille,3068,PdA,Partei der Arbeit der Schweiz,http://www.parlament.ch/SiteCollectionImages/profil/225x225/3068.jpg,www.lelocle.ch,,,
Diana Gutjahr,4216,2017-10-17T16:33:07Z,http://www.parlament.ch/d/suche/Seiten/biografie.aspx?biografie_id=4216,TG,Thurgau,N,V,Fraktion der Schweizerischen Volkspartei,Diana,Mitglied,Gutjahr,3117,SVP,Schweizerische Volkspartei,http://www.parlament.ch/SiteCollectionImages/profil/225x225/3117.jpg,www.diana-gutjahr.ch,,,pages/Diana-Gutjahr/850924711639163
Didier Berberat,305,2015-11-11T09:31:36Z,http://www.parlament.ch/d/suche/Seiten/biografie.aspx?biografie_id=305,NE,Neuenburg,S,S,Sozialdemokratische Fraktion,Didier,Mitglied,Berberat,2370,SP,Sozialdemokratische Partei der Schweiz,http://www.parlament.ch/SiteCollectionImages/profil/225x225/2370.jpg,www.dberberat.ch,,,didier.berberat
Dominique de Buman,1124,2018-01-10T16:54:42Z,http://www.parlament.ch/d/suche/Seiten/biografie.aspx?biografie_id=1124,FR,Freiburg,N,C,CVP-Fraktion,Dominique,Mitglied,de Buman,2593,CVP,Christlichdemokratische Volkspartei der Schweiz,http://www.parlament.ch/SiteCollectionImages/profil/225x225/2593.jpg,www.debuman.ch,,,
Doris Fiala,3877,2018-01-16T10:39:14Z,http://www.parlament.ch/d/suche/Seiten/biografie.aspx?biografie_id=3877,ZH,Zürich,N,RL,FDP-Liberale Fraktion,Doris,Mitglied,Fiala,2680,FDP-Liberale,FDP.Die Liberalen,http://www.parlament.ch/SiteCollectionImages/profil/225x225/2680.jpg,www.fiala.ch,,,doris.fiala
Duri Campell,4200,2017-08-28T15:09:14Z,http://www.parlament.ch/d/suche/Seiten/biografie.aspx?biografie_id=4200,GR,Graubünden,N,BD,Fraktion BD,Duri,Mitglied,Campell,3066,BDP,Bürgerlich-Demokratische Partei Schweiz,http://www.parlament.ch/SiteCollectionImages/profil/225x225/3066.jpg,www.duri-campell.ch,582389685233361,Duri Campell,campellduri
Edith Graf-Litscher,1295,2018-02-21T09:29:30Z,http://www.parlament.ch/d/suche/Seiten/biografie.aspx?biografie_id=1295,TG,Thurgau,N,S,Sozialdemokratische Fraktion,Edith,Mitglied,Graf-Litscher,2652,SP,Sozialdemokratische Partei der Schweiz,http://www.parlament.ch/SiteCollectionImages/profil/225x225/2652.jpg,www.edith-graf.ch,635997019800617,Edith Graf-Litscher,edith.graflitscher
Elisabeth Schneider-Schneiter,4040,2017-04-03T08:51:37Z,http://www.parlament.ch/d/suche/Seiten/biografie.aspx?biografie_id=4040,BL,Basel-Landschaft,N,C,CVP-Fraktion,Elisabeth,Mitglied,Schneider-Schneiter,2748,CVP,Christlichdemokratische Volkspartei der Schweiz,http://www.parlament.ch/SiteCollectionImages/profil/225x225/2748.jpg,www.elisabethschneider.ch,667275070081414,Elisabeth Schneider-Schneiter,elisabeth.schneiderschneiter
Eric Nussbaumer,3899,2016-12-21T08:26:29Z,http://www.parlament.ch/d/suche/Seiten/biografie.aspx?biografie_id=3899,BL,Basel-Landschaft,N,S,Sozialdemokratische Fraktion,Eric,Mitglied,Nussbaumer,2702,SP,Sozialdemokratische Partei der Schweiz,http://www.parlament.ch/SiteCollectionImages/profil/225x225/2702.jpg,,,,
Erich Ettlin,4206,2015-11-25T14:56:45Z,http://www.parlament.ch/d/suche/Seiten/biografie.aspx?biografie_id=4206,OW,Obwalden,S,C,CVP-Fraktion,Erich,Mitglied,Ettlin,3107,CVP,Christlichdemokratische Volkspartei der Schweiz,http://www.parlament.ch/SiteCollectionImages/profil/225x225/3107.jpg,www.erich-ettlin.ch,,,
Erich Hess,4163,2015-11-10T15:20:59Z,http://www.parlament.ch/d/suche/Seiten/biografie.aspx?biografie_id=4163,BE,Bern,N,V,Fraktion der Schweizerischen Volkspartei,Erich,Mitglied,Hess,3078,SVP,Schweizerische Volkspartei,http://www.parlament.ch/SiteCollectionImages/profil/225x225/3078.jpg,www.erichhess.ch,183259731720722,Erich Hess,Erich-Hess
Erich von Siebenthal,3910,2018-01-11T11:40:31Z,http://www.parlament.ch/d/suche/Seiten/biografie.aspx?biografie_id=3910,BE,Bern,N,V,Fraktion der Schweizerischen Volkspartei,Erich,Mitglied,von Siebenthal,2713,SVP,Schweizerische Volkspartei,http://www.parlament.ch/SiteCollectionImages/profil/225x225/2713.jpg,www.erichv7thal.ch,,,
Evi Allemann,1131,2015-10-26T15:08:02Z,http://www.parlament.ch/d/suche/Seiten/biografie.aspx?biografie_id=1131,BE,Bern,N,S,Sozialdemokratische Fraktion,Evi,Mitglied,Allemann,2583,SP,Sozialdemokratische Partei der Schweiz,http://www.parlament.ch/SiteCollectionImages/profil/225x225/2583.jpg,www.eviallemann.ch,142883939689661,Evi Allemann,allemannevi/
Fabio Abate,801,2015-11-20T16:06:42Z,http://www.parlament.ch/d/suche/Seiten/biografie.aspx?biografie_id=801,TI,Tessin,S,RL,FDP-Liberale Fraktion,Fabio,Mitglied,Abate,2565,FDP-Liberale,FDP.Die Liberalen,http://www.parlament.ch/SiteCollectionImages/profil/225x225/2565.jpg,,,,
Fabio Regazzi,4072,2015-05-17T21:18:19Z,http://www.parlament.ch/d/suche/Seiten/biografie.aspx?biografie_id=4072,TI,Tessin,N,C,CVP-Fraktion,Fabio,Mitglied,Regazzi,2776,CVP,Christlichdemokratische Volkspartei der Schweiz,http://www.parlament.ch/SiteCollectionImages/profil/225x225/2776.jpg,www.fabioregazzi.ch,193759364321606,Fabio Regazzi,cnfabioregazzi/
Fathi Derder,4079,2016-09-01T13:32:09Z,http://www.parlament.ch/d/suche/Seiten/biografie.aspx?biografie_id=4079,VD,Waadt,N,RL,FDP-Liberale Fraktion,Fathi,Mitglied,Derder,2788,FDP-Liberale,FDP.Die Liberalen,http://www.parlament.ch/SiteCollectionImages/profil/225x225/2788.jpg,www.derder.ch,,,
Felix Müri,1111,2018-02-21T11:16:21Z,http://www.parlament.ch/d/suche/Seiten/biografie.aspx?biografie_id=1111,LU,Luzern,N,V,Fraktion der Schweizerischen Volkspartei,Felix,Mitglied,Müri,2618,SVP,Schweizerische Volkspartei,http://www.parlament.ch/SiteCollectionImages/profil/225x225/2618.jpg,www.mueri.info,,,felix.muri
Filippo Lombardi,540,2018-01-16T09:32:26Z,http://www.parlament.ch/d/suche/Seiten/biografie.aspx?biografie_id=540,TI,Tessin,S,C,CVP-Fraktion,Filippo,Präsident/in,Lombardi,2561,CVP,Christlichdemokratische Volkspartei der Schweiz,http://www.parlament.ch/SiteCollectionImages/profil/225x225/2561.jpg,www.filippolombardi.ch,540303962769940,Filippo Lombardi,filippo.lombardi.319/
Franz Grüter,4162,2017-12-12T16:25:17Z,http://www.parlament.ch/d/suche/Seiten/biografie.aspx?biografie_id=4162,LU,Luzern,N,V,Fraktion der Schweizerischen Volkspartei,Franz,Mitglied,Grüter,3076,SVP,Schweizerische Volkspartei,http://www.parlament.ch/SiteCollectionImages/profil/225x225/3076.jpg,,990387407643406,Franz Grüter,GrueterFranz/
Franz Ruppen,4170,2017-12-12T16:21:00Z,http://www.parlament.ch/d/suche/Seiten/biografie.aspx?biografie_id=4170,VS,Wallis,N,V,Fraktion der Schweizerischen Volkspartei,Franz,Mitglied,Ruppen,3091,SVP,Schweizerische Volkspartei,http://www.parlament.ch/SiteCollectionImages/profil/225x225/3091.jpg,www.franz-ruppen.ch,,,384062341784732
Frédéric Borloz,4188,2018-01-10T16:46:25Z,http://www.parlament.ch/d/suche/Seiten/biografie.aspx?biografie_id=4188,VD,Waadt,N,RL,FDP-Liberale Fraktion,Frédéric,Mitglied,Borloz,3061,FDP-Liberale,FDP.Die Liberalen,http://www.parlament.ch/SiteCollectionImages/profil/225x225/3061.jpg,frederic-borloz.ch,,,frederic.borloz.1
Gerhard Pfister,1109,2016-05-02T11:52:05Z,http://www.parlament.ch/d/suche/Seiten/biografie.aspx?biografie_id=1109,ZG,Zug,N,C,CVP-Fraktion,Gerhard,Mitglied,Pfister,2623,CVP,Christlichdemokratische Volkspartei der Schweiz,http://www.parlament.ch/SiteCollectionImages/profil/225x225/2623.jpg,www.gpfister.ch,,,gerhard.pfister.50
Giovanni Merlini,4140,2018-02-21T11:17:00Z,http://www.parlament.ch/d/suche/Seiten/biografie.aspx?biografie_id=4140,TI,Tessin,N,RL,FDP-Liberale Fraktion,Giovanni,Mitglied,Merlini,3042,FDP-Liberale,FDP.Die Liberalen,http://www.parlament.ch/SiteCollectionImages/profil/225x225/3042.jpg,www.giovannimerlini.ch,,,giomerlini
Gregor Rutz,4125,2015-10-30T16:44:18Z,http://www.parlament.ch/d/suche/Seiten/biografie.aspx?biografie_id=4125,ZH,Zürich,N,V,Fraktion der Schweizerischen Volkspartei,Gregor,Mitglied,Rutz,3030,SVP,Schweizerische Volkspartei,http://www.parlament.ch/SiteCollectionImages/profil/225x225/3030.jpg,www.gregor-rutz.ch,1407144336208695,Gregor Rutz,gregor.rutz/
Guillaume Barazzone,4138,2017-12-14T12:10:41Z,http://www.parlament.ch/d/suche/Seiten/biografie.aspx?biografie_id=4138,GE,Genf,N,C,CVP-Fraktion,Guillaume,Mitglied,Barazzone,3040,CVP,Christlichdemokratische Volkspartei der Schweiz,http://www.parlament.ch/SiteCollectionImages/profil/225x225/3040.jpg,www.barazzone.ch,629776083738981,Guillaume Barazzone,GuillaumeBarazzone
Géraldine Marchand-Balet,4183,2017-09-25T10:44:35Z,http://www.parlament.ch/d/suche/Seiten/biografie.aspx?biografie_id=4183,VS,Wallis,N,C,CVP-Fraktion,Géraldine,Mitglied,Marchand-Balet,3083,CVP,Christlichdemokratische Volkspartei der Schweiz,http://www.parlament.ch/SiteCollectionImages/profil/225x225/3083.jpg,,,,
Géraldine Savary,1148,2015-12-08T17:56:16Z,http://www.parlament.ch/d/suche/Seiten/biografie.aspx?biografie_id=1148,VD,Waadt,S,S,Sozialdemokratische Fraktion,Géraldine,Mitglied,Savary,2629,SP,Sozialdemokratische Partei der Schweiz,http://www.parlament.ch/SiteCollectionImages/profil/225x225/2629.jpg,,,,
Hannes Germann,825,2015-12-08T16:22:34Z,http://www.parlament.ch/d/suche/Seiten/biografie.aspx?biografie_id=825,SH,Schaffhausen,S,V,Fraktion der Schweizerischen Volkspartei,Hannes,Mitglied,Germann,2575,SVP,Schweizerische Volkspartei,http://www.parlament.ch/SiteCollectionImages/profil/225x225/2575.jpg,www.hannesgermann.ch,,,
Hans Egloff,4110,2015-06-16T15:21:46Z,http://www.parlament.ch/d/suche/Seiten/biografie.aspx?biografie_id=4110,ZH,Zürich,N,V,Fraktion der Schweizerischen Volkspartei,Hans,Mitglied,Egloff,3005,SVP,Schweizerische Volkspartei,http://www.parlament.ch/SiteCollectionImages/profil/225x225/3005.jpg,www.hans-egloff.ch,,,
Hans Grunder,3886,2018-01-10T17:00:00Z,http://www.parlament.ch/d/suche/Seiten/biografie.aspx?biografie_id=3886,BE,Bern,N,BD,Fraktion BD,Hans,Mitglied,Grunder,2689,BDP,Bürgerlich-Demokratische Partei Schweiz,http://www.parlament.ch/SiteCollectionImages/profil/225x225/2689.jpg,www.grunder.ch,,,
Hans Stöckli,1267,2016-11-09T13:04:48Z,http://www.parlament.ch/d/suche/Seiten/biografie.aspx?biografie_id=1267,BE,Bern,S,S,Sozialdemokratische Fraktion,Hans,Mitglied,Stöckli,2647,SP,Sozialdemokratische Partei der Schweiz,http://www.parlament.ch/SiteCollectionImages/profil/225x225/2647.jpg,www.hansstoeckli.ch,,,
Hans Wicki,4152,2017-07-27T10:40:46Z,http://www.parlament.ch/d/suche/Seiten/biografie.aspx?biografie_id=4152,NW,Nidwalden,S,RL,FDP-Liberale Fraktion,Hans,Mitglied,Wicki,3054,FDP-Liberale,FDP.Die Liberalen,http://www.parlament.ch/SiteCollectionImages/profil/225x225/3054.jpg,www.wickihans.ch,652823124817124,Hans Wicki,HansWickiHess/
Hans-Peter Portmann,4141,2015-10-29T17:53:56Z,http://www.parlament.ch/d/suche/Seiten/biografie.aspx?biografie_id=4141,ZH,Zürich,N,RL,FDP-Liberale Fraktion,Hans-Peter,Mitglied,Portmann,3043,FDP-Liberale,FDP.Die Liberalen,http://www.parlament.ch/SiteCollectionImages/profil/225x225/3043.jpg,www.hanspeter-portmann.ch,857367044360075,Hans-Peter Portmann,hpportmann/
Hans-Ueli Vogt,4176,2016-02-01T11:16:24Z,http://www.parlament.ch/d/suche/Seiten/biografie.aspx?biografie_id=4176,ZH,Zürich,N,V,Fraktion der Schweizerischen Volkspartei,Hans-Ueli,Mitglied,Vogt,3098,SVP,Schweizerische Volkspartei,http://www.parlament.ch/SiteCollectionImages/profil/225x225/3098.jpg,www.hansuelivogt.ch,447117928788158,Hans-Ueli Vogt,hansueli.vogt
Hans-Ulrich Bigler,4209,2015-11-30T12:04:33Z,http://www.parlament.ch/d/suche/Seiten/biografie.aspx?biografie_id=4209,ZH,Zürich,N,RL,FDP-Liberale Fraktion,Hans-Ulrich,Mitglied,Bigler,3110,FDP-Liberale,FDP.Die Liberalen,http://www.parlament.ch/SiteCollectionImages/profil/225x225/3110.jpg,,,,
Hansjörg Brunner,4215,2017-10-16T10:18:53Z,http://www.parlament.ch/d/suche/Seiten/biografie.aspx?biografie_id=4215,TG,Thurgau,N,RL,FDP-Liberale Fraktion,Hansjörg,Mitglied,Brunner,3116,FDP-Liberale,FDP.Die Liberalen,http://www.parlament.ch/SiteCollectionImages/profil/225x225/3116.jpg,www.hansjoerg-brunner.ch,,,
Hansjörg Knecht,4114,2015-05-17T21:18:19Z,http://www.parlament.ch/d/suche/Seiten/biografie.aspx?biografie_id=4114,AG,Aargau,N,V,Fraktion der Schweizerischen Volkspartei,Hansjörg,Mitglied,Knecht,3021,SVP,Schweizerische Volkspartei,http://www.parlament.ch/SiteCollectionImages/profil/225x225/3021.jpg,www.hansjoerg-knecht.ch,1510531525920519,Hansjörg Knecht,hansjoergknecht/
Heinz Brand,4067,2017-04-03T09:27:47Z,http://www.parlament.ch/d/suche/Seiten/biografie.aspx?biografie_id=4067,GR,Graubünden,N,V,Fraktion der Schweizerischen Volkspartei,Heinz,Mitglied,Brand,2772,SVP,Schweizerische Volkspartei,http://www.parlament.ch/SiteCollectionImages/profil/225x225/2772.jpg,www.heinz-brand.ch,1412907892340330,Heinz-Brandt-Schule,heinz.brand
Heinz Siegenthaler,4146,2017-08-28T11:39:04Z,http://www.parlament.ch/d/suche/Seiten/biografie.aspx?biografie_id=4146,BE,Bern,N,BD,Fraktion BD,Heinz,Mitglied,Siegenthaler,3048,BDP,Bürgerlich-Demokratische Partei Schweiz,http://www.parlament.ch/SiteCollectionImages/profil/225x225/3048.jpg,www.heinzsiegenthaler.ch,,,heinz.siegenthaler.77
Hugues Hiltpold,3888,2018-02-21T11:04:37Z,http://www.parlament.ch/d/suche/Seiten/biografie.aspx?biografie_id=3888,GE,Genf,N,RL,FDP-Liberale Fraktion,Hugues,Mitglied,Hiltpold,2691,FDP-Liberale,FDP.Die Liberalen,http://www.parlament.ch/SiteCollectionImages/profil/225x225/2691.jpg,,153865381336118,Hugues Hiltpold,Hugues-Hiltpold
Ida Glanzmann-Hunkeler,1337,2018-02-21T08:49:27Z,http://www.parlament.ch/d/suche/Seiten/biografie.aspx?biografie_id=1337,LU,Luzern,N,C,CVP-Fraktion,Ida,Mitglied,Glanzmann-Hunkeler,2657,CVP,Christlichdemokratische Volkspartei der Schweiz,http://www.parlament.ch/SiteCollectionImages/profil/225x225/2657.jpg,www.ida-glanzmann.ch,760286550666286,Ida Glanzmann-Hunkeler,ida.glanzmannhunkeler
Irène Kälin,4218,2017-11-06T11:56:45Z,http://www.parlament.ch/d/suche/Seiten/biografie.aspx?biografie_id=4218,AG,Aargau,N,G,Grüne Fraktion,Irène,Mitglied,Kälin,3119,GPS,Grüne Partei der Schweiz,http://www.parlament.ch/SiteCollectionImages/profil/225x225/3119.jpg,irenekaelin.ch,,,irene.kalin.5?fref=ts
Isabelle Chevalley,4108,2016-05-11T09:17:22Z,http://www.parlament.ch/d/suche/Seiten/biografie.aspx?biografie_id=4108,VD,Waadt,N,GL,Grünliberale Fraktion,Isabelle,Mitglied,Chevalley,3604,glp,Grünliberale Partei,http://www.parlament.ch/SiteCollectionImages/profil/225x225/3604.jpg,www.isabellechevalley.ch,125129150842430,Isabelle Chevalley,isabelle.chevalley
Isabelle Moret,1346,2017-08-15T12:06:55Z,http://www.parlament.ch/d/suche/Seiten/biografie.aspx?biografie_id=1346,VD,Waadt,N,RL,FDP-Liberale Fraktion,Isabelle,Mitglied,Moret,2660,FDP-Liberale,FDP.Die Liberalen,http://www.parlament.ch/SiteCollectionImages/profil/225x225/2660.jpg,www.isabelle-moret.ch,,,people/Isabelle-Moret/1472905244#!/people/Isabelle-Moret/1472905244
Isidor Baumann,4088,2017-03-29T10:12:39Z,http://www.parlament.ch/d/suche/Seiten/biografie.aspx?biografie_id=4088,UR,Uri,S,C,CVP-Fraktion,Isidor,Mitglied,Baumann,2793,CVP,Christlichdemokratische Volkspartei der Schweiz,http://www.parlament.ch/SiteCollectionImages/profil/225x225/2793.jpg,,,,
Ivo Bischofberger,3831,2015-10-26T15:36:44Z,http://www.parlament.ch/d/suche/Seiten/biografie.aspx?biografie_id=3831,AI,Appenzell I.-Rh.,S,C,CVP-Fraktion,Ivo,Mitglied,Bischofberger,2667,CVP,Christlichdemokratische Volkspartei der Schweiz,http://www.parlament.ch/SiteCollectionImages/profil/225x225/2667.jpg,,,,
Jacqueline Badran,4058,2015-10-27T10:01:24Z,http://www.parlament.ch/d/suche/Seiten/biografie.aspx?biografie_id=4058,ZH,Zürich,N,S,Sozialdemokratische Fraktion,Jacqueline,Mitglied,Badran,2762,SP,Sozialdemokratische Partei der Schweiz,http://www.parlament.ch/SiteCollectionImages/profil/225x225/2762.jpg,www.badran.ch,128245567255475,Jacqueline Badran - Nationalrat,Jacqueline-Badran-Nationalrat
Jacques Bourgeois,3872,2015-11-12T14:55:03Z,http://www.parlament.ch/d/suche/Seiten/biografie.aspx?biografie_id=3872,FR,Freiburg,N,RL,FDP-Liberale Fraktion,Jacques,Mitglied,Bourgeois,2675,FDP-Liberale,FDP.Die Liberalen,http://www.parlament.ch/SiteCollectionImages/profil/225x225/2675.jpg,www.bourgeois.ch,,,
Jacques Nicolet,4168,2018-01-10T16:45:12Z,http://www.parlament.ch/d/suche/Seiten/biografie.aspx?biografie_id=4168,VD,Waadt,N,V,Fraktion der Schweizerischen Volkspartei,Jacques,Mitglied,Nicolet,3089,SVP,Schweizerische Volkspartei,http://www.parlament.ch/SiteCollectionImages/profil/225x225/3089.jpg,,,,
Jacques-André Maire,4018,2015-10-27T16:58:54Z,http://www.parlament.ch/d/suche/Seiten/biografie.aspx?biografie_id=4018,NE,Neuenburg,N,S,Sozialdemokratische Fraktion,Jacques-André,Mitglied,Maire,2738,SP,Sozialdemokratische Partei der Schweiz,http://www.parlament.ch/SiteCollectionImages/profil/225x225/2738.jpg,www.j-a-maire.ch,,,
Jakob Büchler,1104,2015-12-03T16:33:40Z,http://www.parlament.ch/d/suche/Seiten/biografie.aspx?biografie_id=1104,SG,St. Gallen,N,C,CVP-Fraktion,Jakob,Mitglied,Büchler,2588,CVP,Christlichdemokratische Volkspartei der Schweiz,http://www.parlament.ch/SiteCollectionImages/profil/225x225/2588.jpg,www.koebi-buechler.ch,210312125671218,,kobi.buchler.3
Jean-François Rime,1119,2018-02-21T09:24:28Z,http://www.parlament.ch/d/suche/Seiten/biografie.aspx?biografie_id=1119,FR,Freiburg,N,V,Fraktion der Schweizerischen Volkspartei,Jean-François,Mitglied,Rime,2627,SVP,Schweizerische Volkspartei,http://www.parlament.ch/SiteCollectionImages/profil/225x225/2627.jpg,,,,
Jean-Luc Addor,4154,2017-03-22T14:59:30Z,http://www.parlament.ch/d/suche/Seiten/biografie.aspx?biografie_id=4154,VS,Wallis,N,V,Fraktion der Schweizerischen Volkspartei,Jean-Luc,Mitglied,Addor,3055,SVP,Schweizerische Volkspartei,http://www.parlament.ch/SiteCollectionImages/profil/225x225/3055.jpg,www.jladdor.ch,,,pages/Jean-Luc-Addor/370243936407553?fref=ts
Jean-Paul Gschwind,4087,2015-05-17T21:18:19Z,http://www.parlament.ch/d/suche/Seiten/biografie.aspx?biografie_id=4087,JU,Jura,N,C,CVP-Fraktion,Jean-Paul,Mitglied,Gschwind,2798,CVP,Christlichdemokratische Volkspartei der Schweiz,http://www.parlament.ch/SiteCollectionImages/profil/225x225/2798.jpg,,,,
Jean-Pierre Grin,3885,2015-05-17T21:18:19Z,http://www.parlament.ch/d/suche/Seiten/biografie.aspx?biografie_id=3885,VD,Waadt,N,V,Fraktion der Schweizerischen Volkspartei,Jean-Pierre,Mitglied,Grin,2688,SVP,Schweizerische Volkspartei,http://www.parlament.ch/SiteCollectionImages/profil/225x225/2688.jpg,,,,
Jean-René Fournier,3915,2018-01-10T16:41:34Z,http://www.parlament.ch/d/suche/Seiten/biografie.aspx?biografie_id=3915,VS,Wallis,S,C,CVP-Fraktion,Jean-René,Mitglied,Fournier,2718,CVP,Christlichdemokratische Volkspartei der Schweiz,http://www.parlament.ch/SiteCollectionImages/profil/225x225/2718.jpg,www.jrfournier.ch,,,
Joachim Eder,4064,2016-11-09T13:04:34Z,http://www.parlament.ch/d/suche/Seiten/biografie.aspx?biografie_id=4064,ZG,Zug,S,RL,FDP-Liberale Fraktion,Joachim,Mitglied,Eder,2780,FDP-Liberale,FDP.Die Liberalen,http://www.parlament.ch/SiteCollectionImages/profil/225x225/2780.jpg,www.jeder.ch,,,
Josef Dittli,4151,2017-03-22T14:58:22Z,http://www.parlament.ch/d/suche/Seiten/biografie.aspx?biografie_id=4151,UR,Uri,S,RL,FDP-Liberale Fraktion,Josef,Mitglied,Dittli,3052,FDP-Liberale,FDP.Die Liberalen,http://www.parlament.ch/SiteCollectionImages/profil/225x225/3052.jpg,,153974051606352,Josef Dittli,JosefDittli.Uri/
Jürg Grossen,4083,2017-11-20T08:23:47Z,http://www.parlament.ch/d/suche/Seiten/biografie.aspx?biografie_id=4083,BE,Bern,N,GL,Grünliberale Fraktion,Jürg,Mitglied,Grossen,2786,glp,Grünliberale Partei,http://www.parlament.ch/SiteCollectionImages/profil/225x225/2786.jpg,www.juerg-grossen.ch,145845125487053,"Jürg Grossen, Präsident Grünliberale",JuergGrossenglp/
Jürg Stahl,514,2017-03-16T15:00:58Z,http://www.parlament.ch/d/suche/Seiten/biografie.aspx?biografie_id=514,ZH,Zürich,N,V,Fraktion der Schweizerischen Volkspartei,Jürg,Mitglied,Stahl,2536,SVP,Schweizerische Volkspartei,http://www.parlament.ch/SiteCollectionImages/profil/225x225/2536.jpg,www.juergstahl.ch,1550608345175715,Jürg Stahl,juergstahl/
Karin Keller-Sutter,4062,2018-01-10T16:42:00Z,http://www.parlament.ch/d/suche/Seiten/biografie.aspx?biografie_id=4062,SG,St. Gallen,S,RL,FDP-Liberale Fraktion,Karin,Mitglied,Keller-Sutter,2769,FDP-Liberale,FDP.Die Liberalen,http://www.parlament.ch/SiteCollectionImages/profil/225x225/2769.jpg,www.karin-keller-sutter.ch,1294117974041157,Karin Keller-Sutter au Conseil fédéral,karinkellersutter/
Karl Vogler,4085,2015-11-18T15:35:00Z,http://www.parlament.ch/d/suche/Seiten/biografie.aspx?biografie_id=4085,OW,Obwalden,N,C,CVP-Fraktion,Karl,Mitglied,Vogler,2787,csp-ow,Christlich-soziale Partei Obwalden,http://www.parlament.ch/SiteCollectionImages/profil/225x225/2787.jpg,www.karlvogler.ch,,,karl.vogler.ow/
Kathrin Bertschy,4102,2018-01-10T17:00:26Z,http://www.parlament.ch/d/suche/Seiten/biografie.aspx?biografie_id=4102,BE,Bern,N,GL,Grünliberale Fraktion,Kathrin,Mitglied,Bertschy,3016,glp,Grünliberale Partei,http://www.parlament.ch/SiteCollectionImages/profil/225x225/3016.jpg,www.kathrinbertschy.ch,,,pages/Bertschy-mit-Kpfli/631157893652360
Kathy Riklin,502,2018-02-21T09:40:40Z,http://www.parlament.ch/d/suche/Seiten/biografie.aspx?biografie_id=502,ZH,Zürich,N,C,CVP-Fraktion,Kathy,Mitglied,Riklin,2525,CVP,Christlichdemokratische Volkspartei der Schweiz,http://www.parlament.ch/SiteCollectionImages/profil/225x225/2525.jpg,www.kathyriklin.ch,,,kathy.riklin
Konrad Graber,3921,2015-05-17T21:18:19Z,http://www.parlament.ch/d/suche/Seiten/biografie.aspx?biografie_id=3921,LU,Luzern,S,C,CVP-Fraktion,Konrad,Mitglied,Graber,2724,CVP,Christlichdemokratische Volkspartei der Schweiz,http://www.parlament.ch/SiteCollectionImages/profil/225x225/2724.jpg,www.konradgraber.ch,,,profile.php?id=100009531902181
Kurt Fluri,1122,2016-12-22T11:33:20Z,http://www.parlament.ch/d/suche/Seiten/biografie.aspx?biografie_id=1122,SO,Solothurn,N,RL,FDP-Liberale Fraktion,Kurt,Mitglied,Fluri,2594,FDP-Liberale,FDP.Die Liberalen,http://www.parlament.ch/SiteCollectionImages/profil/225x225/2594.jpg,www.kurt-fluri.ch,,,
Laurence Fehlmann Rielle,4195,2016-11-21T10:02:48Z,http://www.parlament.ch/d/suche/Seiten/biografie.aspx?biografie_id=4195,GE,Genf,N,S,Sozialdemokratische Fraktion,Laurence,Mitglied,Fehlmann Rielle,3071,SP,Sozialdemokratische Partei der Schweiz,http://www.parlament.ch/SiteCollectionImages/profil/225x225/3071.jpg,www.fehlmann-rielle.info,910963332325352,Fehlmann Rielle,FehlmannRielle
Laurent Wehrli,4194,2018-02-21T09:45:59Z,http://www.parlament.ch/d/suche/Seiten/biografie.aspx?biografie_id=4194,VD,Waadt,N,RL,FDP-Liberale Fraktion,Laurent,Mitglied,Wehrli,3100,FDP-Liberale,FDP.Die Liberalen,http://www.parlament.ch/SiteCollectionImages/profil/225x225/3100.jpg,www.laurentwehrli.com,824045367664868,Laurent Wehrli,wehrlilaurent
Leo Müller,4097,2016-11-21T09:24:04Z,http://www.parlament.ch/d/suche/Seiten/biografie.aspx?biografie_id=4097,LU,Luzern,N,C,CVP-Fraktion,Leo,Mitglied,Müller,3012,CVP,Christlichdemokratische Volkspartei der Schweiz,http://www.parlament.ch/SiteCollectionImages/profil/225x225/3012.jpg,www.leo-mueller.ch,,,
Liliane Maury Pasquier,341,2018-01-10T16:41:14Z,http://www.parlament.ch/d/suche/Seiten/biografie.aspx?biografie_id=341,GE,Genf,S,S,Sozialdemokratische Fraktion,Liliane,Mitglied,Maury Pasquier,2405,SP,Sozialdemokratische Partei der Schweiz,http://www.parlament.ch/SiteCollectionImages/profil/225x225/2405.jpg,www.maurypasquier.ch,,,Liliane-Maury-Pasquier-163032317056104
Lisa Mazzone,4186,2018-01-10T16:42:57Z,http://www.parlament.ch/d/suche/Seiten/biografie.aspx?biografie_id=4186,GE,Genf,N,G,Grüne Fraktion,Lisa,Mitglied,Mazzone,3086,GPS,Grüne Partei der Schweiz,http://www.parlament.ch/SiteCollectionImages/profil/225x225/3086.jpg,,,,
Lorenz Hess,4094,2017-02-14T15:29:02Z,http://www.parlament.ch/d/suche/Seiten/biografie.aspx?biografie_id=4094,BE,Bern,N,BD,Fraktion BD,Lorenz,Mitglied,Hess,2799,BDP,Bürgerlich-Demokratische Partei Schweiz,http://www.parlament.ch/SiteCollectionImages/profil/225x225/2799.jpg,,,,
Lorenzo Quadri,4046,2017-12-18T11:50:25Z,http://www.parlament.ch/d/suche/Seiten/biografie.aspx?biografie_id=4046,TI,Tessin,N,V,Fraktion der Schweizerischen Volkspartei,Lorenzo,Mitglied,Quadri,2752,Lega,Lega dei Ticinesi,http://www.parlament.ch/SiteCollectionImages/profil/225x225/2752.jpg,www.lorenzoquadri.ch,319489474847839,Lorenzo Quadri,quadrilorenzo
Louis Schelbert,1318,2015-05-17T21:18:19Z,http://www.parlament.ch/d/suche/Seiten/biografie.aspx?biografie_id=1318,LU,Luzern,N,G,Grüne Fraktion,Louis,Mitglied,Schelbert,2654,GPS,Grüne Partei der Schweiz,http://www.parlament.ch/SiteCollectionImages/profil/225x225/2654.jpg,www.louis-schelbert.ch,,,
Lukas Reimann,3901,2018-01-10T16:52:43Z,http://www.parlament.ch/d/suche/Seiten/biografie.aspx?biografie_id=3901,SG,St. Gallen,N,V,Fraktion der Schweizerischen Volkspartei,Lukas,Mitglied,Reimann,2704,SVP,Schweizerische Volkspartei,http://www.parlament.ch/SiteCollectionImages/profil/225x225/2704.jpg,www.lukas-reimann.ch,99999986049,Lukas Reimann,lukasreimannnationalrat/
Luzi Stamm,214,2015-05-17T21:18:19Z,http://www.parlament.ch/d/suche/Seiten/biografie.aspx?biografie_id=214,AG,Aargau,N,V,Fraktion der Schweizerischen Volkspartei,Luzi,Mitglied,Stamm,2323,SVP,Schweizerische Volkspartei,http://www.parlament.ch/SiteCollectionImages/profil/225x225/2323.jpg,www.luzi-stamm.ch,170731639677740,Luzi Stamm,luzi.stamm/
Magdalena Martullo-Blocher,4167,2018-01-23T08:52:49Z,http://www.parlament.ch/d/suche/Seiten/biografie.aspx?biografie_id=4167,GR,Graubünden,N,V,Fraktion der Schweizerischen Volkspartei,Magdalena,Mitglied,Martullo-Blocher,3085,SVP,Schweizerische Volkspartei,http://www.parlament.ch/SiteCollectionImages/profil/225x225/3085.jpg,www.martullo-blocher.ch,,,
Manfred Bühler,4157,2016-02-10T14:04:56Z,http://www.parlament.ch/d/suche/Seiten/biografie.aspx?biografie_id=4157,BE,Bern,N,V,Fraktion der Schweizerischen Volkspartei,Manfred,Mitglied,Bühler,3063,SVP,Schweizerische Volkspartei,http://www.parlament.ch/SiteCollectionImages/profil/225x225/3063.jpg,www.manfredbuehler.ch,,Manfred Bühler,manfred.buehler
Manuel Tornare,4113,2016-02-02T15:38:52Z,http://www.parlament.ch/d/suche/Seiten/biografie.aspx?biografie_id=4113,GE,Genf,N,S,Sozialdemokratische Fraktion,Manuel,Mitglied,Tornare,3007,SP,Sozialdemokratische Partei der Schweiz,http://www.parlament.ch/SiteCollectionImages/profil/225x225/3007.jpg,www.manueltornare.ch,1015406428499382,Manuel Tornare,manueltornare
Marcel Dettling,4160,2016-11-15T14:16:50Z,http://www.parlament.ch/d/suche/Seiten/biografie.aspx?biografie_id=4160,SZ,Schwyz,N,V,Fraktion der Schweizerischen Volkspartei,Marcel,Mitglied,Dettling,3069,SVP,Schweizerische Volkspartei,http://www.parlament.ch/SiteCollectionImages/profil/225x225/3069.jpg,,400253636834470,Marcel Dettling,dettling.marcel/
Marcel Dobler,4190,2015-11-04T15:12:27Z,http://www.parlament.ch/d/suche/Seiten/biografie.aspx?biografie_id=4190,SG,St. Gallen,N,RL,FDP-Liberale Fraktion,Marcel,Mitglied,Dobler,3070,FDP-Liberale,FDP.Die Liberalen,http://www.parlament.ch/SiteCollectionImages/profil/225x225/3070.jpg,www.marcel-dobler.ch,730467207032523,Marcel Dobler,marcel.dobler.politiker/
Marco Chiesa,4159,2018-01-10T16:47:18Z,http://www.parlament.ch/d/suche/Seiten/biografie.aspx?biografie_id=4159,TI,Tessin,N,V,Fraktion der Schweizerischen Volkspartei,Marco,Mitglied,Chiesa,3067,SVP,Schweizerische Volkspartei,http://www.parlament.ch/SiteCollectionImages/profil/225x225/3067.jpg,www.marcochiesa.ch,672235259577973,Marco Chiesa,marco.chiesa.5/
Marco Romano,4120,2018-02-13T10:53:01Z,http://www.parlament.ch/d/suche/Seiten/biografie.aspx?biografie_id=4120,TI,Tessin,N,C,CVP-Fraktion,Marco,Mitglied,Romano,3025,CVP,Christlichdemokratische Volkspartei der Schweiz,http://www.parlament.ch/SiteCollectionImages/profil/225x225/3025.jpg,www.marcoromano.ch,197530286970802,Marco Romano Consigliere Nazionale e Municipale di Mendrisio,Marco-Romano-Consigliere-Nazionale-e-Municipale-di-Mendrisio
Margret Kiener Nellen,1147,2018-01-16T09:29:30Z,http://www.parlament.ch/d/suche/Seiten/biografie.aspx?biografie_id=1147,BE,Bern,N,S,Sozialdemokratische Fraktion,Margret,Mitglied,Kiener Nellen,2608,SP,Sozialdemokratische Partei der Schweiz,http://www.parlament.ch/SiteCollectionImages/profil/225x225/2608.jpg,www.kienernellen.ch,,,profile.php?id=1545480472
Marianne Streiff-Feller,4036,2015-11-17T17:20:48Z,http://www.parlament.ch/d/suche/Seiten/biografie.aspx?biografie_id=4036,BE,Bern,N,C,CVP-Fraktion,Marianne,Mitglied,Streiff-Feller,2747,EVP,Evangelische Volkspartei der Schweiz,http://www.parlament.ch/SiteCollectionImages/profil/225x225/2747.jpg,www.marianne-streiff.ch,,,marianne.streiff.9
Marina Carobbio Guscetti,3830,2016-11-03T08:21:41Z,http://www.parlament.ch/d/suche/Seiten/biografie.aspx?biografie_id=3830,TI,Tessin,N,S,Sozialdemokratische Fraktion,Marina,Mitglied,Carobbio Guscetti,2666,SP,Sozialdemokratische Partei der Schweiz,http://www.parlament.ch/SiteCollectionImages/profil/225x225/2666.jpg,www.marinacarobbio.ch,1565933506957347,Marina Carobbio,mcarobbio/
Markus Hausammann,4103,2015-05-17T21:18:19Z,http://www.parlament.ch/d/suche/Seiten/biografie.aspx?biografie_id=4103,TG,Thurgau,N,V,Fraktion der Schweizerischen Volkspartei,Markus,Mitglied,Hausammann,3002,SVP,Schweizerische Volkspartei,http://www.parlament.ch/SiteCollectionImages/profil/225x225/3002.jpg,www.markus-hausammann.ch,210751355616840,Markus Hausammann,markus.hausammann/
Markus Ritter,4052,2015-05-17T21:18:19Z,http://www.parlament.ch/d/suche/Seiten/biografie.aspx?biografie_id=4052,SG,St. Gallen,N,C,CVP-Fraktion,Markus,Mitglied,Ritter,2754,CVP,Christlichdemokratische Volkspartei der Schweiz,http://www.parlament.ch/SiteCollectionImages/profil/225x225/2754.jpg,www.markusritter.ch,,,
Martin Bäumle,1138,2015-11-03T14:06:58Z,http://www.parlament.ch/d/suche/Seiten/biografie.aspx?biografie_id=1138,ZH,Zürich,N,GL,Grünliberale Fraktion,Martin,Mitglied,Bäumle,2585,glp,Grünliberale Partei,http://www.parlament.ch/SiteCollectionImages/profil/225x225/2585.jpg,www.baeumle.ch,158812054205402,Martin Bäumle,Martin-Bäumle
Martin Candinas,4070,2016-11-21T10:16:33Z,http://www.parlament.ch/d/suche/Seiten/biografie.aspx?biografie_id=4070,GR,Graubünden,N,C,CVP-Fraktion,Martin,Mitglied,Candinas,2770,CVP,Christlichdemokratische Volkspartei der Schweiz,http://www.parlament.ch/SiteCollectionImages/profil/225x225/2770.jpg,www.martincandinas.ch,,,pages/Nationalrat-Martin-Candinas/269881699715825
Martin Landolt,4008,2015-11-25T08:20:33Z,http://www.parlament.ch/d/suche/Seiten/biografie.aspx?biografie_id=4008,GL,Glarus,N,BD,Fraktion BD,Martin,Mitglied,Landolt,2735,BDP,Bürgerlich-Demokratische Partei Schweiz,http://www.parlament.ch/SiteCollectionImages/profil/225x225/2735.jpg,www.landolt.info,,,martin.landolt.5
Martin Naef,4106,2018-01-11T11:39:24Z,http://www.parlament.ch/d/suche/Seiten/biografie.aspx?biografie_id=4106,ZH,Zürich,N,S,Sozialdemokratische Fraktion,Martin,Mitglied,Naef,3018,SP,Sozialdemokratische Partei der Schweiz,http://www.parlament.ch/SiteCollectionImages/profil/225x225/3018.jpg,www.martin-naef.ch,,,martin.naef.9
Martin Schmid,4078,2015-11-17T15:48:04Z,http://www.parlament.ch/d/suche/Seiten/biografie.aspx?biografie_id=4078,GR,Graubünden,S,RL,FDP-Liberale Fraktion,Martin,Mitglied,Schmid,2783,FDP-Liberale,FDP.Die Liberalen,http://www.parlament.ch/SiteCollectionImages/profil/225x225/2783.jpg,www.kunzschmid.ch,,,
Martina Munz,4134,2015-11-13T14:06:54Z,http://www.parlament.ch/d/suche/Seiten/biografie.aspx?biografie_id=4134,SH,Schaffhausen,N,S,Sozialdemokratische Fraktion,Martina,Mitglied,Munz,3036,SP,Sozialdemokratische Partei der Schweiz,http://www.parlament.ch/SiteCollectionImages/profil/225x225/3036.jpg,www.martinamunz.ch,,,martina.munz.1
Mathias Reynard,4091,2018-01-29T14:16:27Z,http://www.parlament.ch/d/suche/Seiten/biografie.aspx?biografie_id=4091,VS,Wallis,N,S,Sozialdemokratische Fraktion,Mathias,Mitglied,Reynard,2795,SP,Sozialdemokratische Partei der Schweiz,http://www.parlament.ch/SiteCollectionImages/profil/225x225/2795.jpg,www.mathiasreynard.ch,776184945799559,Mathias Reynard,MathiasReynardCN/
Mattea Meyer,4198,2017-09-18T09:19:56Z,http://www.parlament.ch/d/suche/Seiten/biografie.aspx?biografie_id=4198,ZH,Zürich,N,S,Sozialdemokratische Fraktion,Mattea,Mitglied,Meyer,3087,SP,Sozialdemokratische Partei der Schweiz,http://www.parlament.ch/SiteCollectionImages/profil/225x225/3087.jpg,www.matteameyer.ch,106170682821351,Mattea Meyer in den Nationalrat,Mattea-Meyer-in-den-Nationalrat
Matthias Aebischer,4049,2017-03-16T15:00:49Z,http://www.parlament.ch/d/suche/Seiten/biografie.aspx?biografie_id=4049,BE,Bern,N,S,Sozialdemokratische Fraktion,Matthias,Mitglied,Aebischer,2760,SP,Sozialdemokratische Partei der Schweiz,http://www.parlament.ch/SiteCollectionImages/profil/225x225/2760.jpg,www.matthiasaebischer.ch,1459077757648911,Matthias Aebischer,matthiasaebischer/
Matthias Samuel Jauslin,4208,2018-01-10T17:07:41Z,http://www.parlament.ch/d/suche/Seiten/biografie.aspx?biografie_id=4208,AG,Aargau,N,RL,FDP-Liberale Fraktion,Matthias Samuel,Mitglied,Jauslin,3109,FDP-Liberale,FDP.Die Liberalen,http://www.parlament.ch/SiteCollectionImages/profil/225x225/3109.jpg,www.matthias-jauslin.ch,,,matthias.jauslin.1?fref=ts
Mauro Tuena,4175,2016-07-11T10:48:43Z,http://www.parlament.ch/d/suche/Seiten/biografie.aspx?biografie_id=4175,ZH,Zürich,N,V,Fraktion der Schweizerischen Volkspartei,Mauro,Mitglied,Tuena,3097,SVP,Schweizerische Volkspartei,http://www.parlament.ch/SiteCollectionImages/profil/225x225/3097.jpg,www.mauro-tuena.ch,,,mauro.tuena
Maximilian Reimann,173,2018-02-21T08:42:49Z,http://www.parlament.ch/d/suche/Seiten/biografie.aspx?biografie_id=173,AG,Aargau,N,V,Fraktion der Schweizerischen Volkspartei,Maximilian,Mitglied,Reimann,2147,SVP,Schweizerische Volkspartei,http://www.parlament.ch/SiteCollectionImages/profil/225x225/2147.jpg,www.maximilian-reimann.ch,,,maximilian.reimann.374
Maya Graf,806,2015-06-09T13:13:33Z,http://www.parlament.ch/d/suche/Seiten/biografie.aspx?biografie_id=806,BL,Basel-Landschaft,N,G,Grüne Fraktion,Maya,Mitglied,Graf,2569,GPS,Grüne Partei der Schweiz,http://www.parlament.ch/SiteCollectionImages/profil/225x225/2569.jpg,www.mayagraf.ch,,,
Michaël Buffat,4156,2018-01-10T16:45:59Z,http://www.parlament.ch/d/suche/Seiten/biografie.aspx?biografie_id=4156,VD,Waadt,N,V,Fraktion der Schweizerischen Volkspartei,Michaël,Mitglied,Buffat,3062,SVP,Schweizerische Volkspartei,http://www.parlament.ch/SiteCollectionImages/profil/225x225/3062.jpg,,,,
Min Li Marti,4197,2016-12-06T15:58:15Z,http://www.parlament.ch/d/suche/Seiten/biografie.aspx?biografie_id=4197,ZH,Zürich,N,S,Sozialdemokratische Fraktion,Min Li,Mitglied,Marti,3084,SP,Sozialdemokratische Partei der Schweiz,http://www.parlament.ch/SiteCollectionImages/profil/225x225/3084.jpg,www.minli-marti.ch,,,minlimarti
Nadine Masshardt,4130,2017-02-20T09:03:03Z,http://www.parlament.ch/d/suche/Seiten/biografie.aspx?biografie_id=4130,BE,Bern,N,S,Sozialdemokratische Fraktion,Nadine,Mitglied,Masshardt,3034,SP,Sozialdemokratische Partei der Schweiz,http://www.parlament.ch/SiteCollectionImages/profil/225x225/3034.jpg,www.nadinemasshardt.ch,,,nadine.masshardt
Nadja Pieren,4065,2015-11-24T15:06:15Z,http://www.parlament.ch/d/suche/Seiten/biografie.aspx?biografie_id=4065,BE,Bern,N,V,Fraktion der Schweizerischen Volkspartei,Nadja,Mitglied,Pieren,2781,SVP,Schweizerische Volkspartei,http://www.parlament.ch/SiteCollectionImages/profil/225x225/2781.jpg,www.nadja-pieren.ch,1563838550530579,Nadja Pieren,Nadja-Pieren
Natalie Rickli,3902,2018-02-21T09:29:12Z,http://www.parlament.ch/d/suche/Seiten/biografie.aspx?biografie_id=3902,ZH,Zürich,N,V,Fraktion der Schweizerischen Volkspartei,Natalie,Mitglied,Rickli,2705,SVP,Schweizerische Volkspartei,http://www.parlament.ch/SiteCollectionImages/profil/225x225/2705.jpg,www.natalie-rickli.ch,172615339461556,Natalie Rickli,natalierickliofficial/
Niklaus-Samuel Gugger,4214,2017-10-18T16:34:37Z,http://www.parlament.ch/d/suche/Seiten/biografie.aspx?biografie_id=4214,ZH,Zürich,N,C,CVP-Fraktion,Niklaus-Samuel,Mitglied,Gugger,3115,EVP,Evangelische Volkspartei der Schweiz,http://www.parlament.ch/SiteCollectionImages/profil/225x225/3115.jpg,www.nikgugger.ch,354540294591810,Jetzt Nik Gugger,JetztNikGugger
Olivier Feller,4077,2015-06-16T15:23:26Z,http://www.parlament.ch/d/suche/Seiten/biografie.aspx?biografie_id=4077,VD,Waadt,N,RL,FDP-Liberale Fraktion,Olivier,Mitglied,Feller,2789,FDP-Liberale,FDP.Die Liberalen,http://www.parlament.ch/SiteCollectionImages/profil/225x225/2789.jpg,www.olivierfeller.ch,,,olivierfeller
Olivier Français,3879,2018-02-13T10:52:28Z,http://www.parlament.ch/d/suche/Seiten/biografie.aspx?biografie_id=3879,VD,Waadt,S,RL,FDP-Liberale Fraktion,Olivier,Mitglied,Français,2682,FDP-Liberale,FDP.Die Liberalen,http://www.parlament.ch/SiteCollectionImages/profil/225x225/2682.jpg,www.olivier-francais.ch,943657592364444,Olivier Français,plr.Olivier.Francais
Pascale Bruderer Wyss,823,2015-11-11T08:15:10Z,http://www.parlament.ch/d/suche/Seiten/biografie.aspx?biografie_id=823,AG,Aargau,S,S,Sozialdemokratische Fraktion,Pascale,Mitglied,Bruderer Wyss,2573,SP,Sozialdemokratische Partei der Schweiz,http://www.parlament.ch/SiteCollectionImages/profil/225x225/2573.jpg,www.pascale-bruderer.ch,,,pages/Pascale-Bruderer-Wyss/149971655042378
Paul Rechsteiner,172,2015-05-17T21:18:19Z,http://www.parlament.ch/d/suche/Seiten/biografie.aspx?biografie_id=172,SG,St. Gallen,S,S,Sozialdemokratische Fraktion,Paul,Mitglied,Rechsteiner,2143,SP,Sozialdemokratische Partei der Schweiz,http://www.parlament.ch/SiteCollectionImages/profil/225x225/2143.jpg,www.paulrechsteiner.ch,987594054605886,Ständerat Paul Rechsteiner,rechsteiner.staenderat/
Peter Föhn,321,2015-05-17T21:18:19Z,http://www.parlament.ch/d/suche/Seiten/biografie.aspx?biografie_id=321,SZ,Schwyz,S,V,Fraktion der Schweizerischen Volkspartei,Peter,Mitglied,Föhn,2385,SVP,Schweizerische Volkspartei,http://www.parlament.ch/SiteCollectionImages/profil/225x225/2385.jpg,www.peter-foehn.ch,186284004785804,Peter Föhn,Peter-Föhn
Peter Hegglin,4153,2018-01-10T16:42:29Z,http://www.parlament.ch/d/suche/Seiten/biografie.aspx?biografie_id=4153,ZG,Zug,S,C,CVP-Fraktion,Peter,Mitglied,Hegglin,3053,CVP,Christlichdemokratische Volkspartei der Schweiz,http://www.parlament.ch/SiteCollectionImages/profil/225x225/3053.jpg,www.peter-hegglin.ch,,,peter.hegglin.7
Peter Keller,4098,2016-06-13T11:01:33Z,http://www.parlament.ch/d/suche/Seiten/biografie.aspx?biografie_id=4098,NW,Nidwalden,N,V,Fraktion der Schweizerischen Volkspartei,Peter,Mitglied,Keller,3013,SVP,Schweizerische Volkspartei,http://www.parlament.ch/SiteCollectionImages/profil/225x225/3013.jpg,www.kellerpeter.ch,,,peter.keller.526
Peter Schilliger,4124,2018-01-10T16:55:04Z,http://www.parlament.ch/d/suche/Seiten/biografie.aspx?biografie_id=4124,LU,Luzern,N,RL,FDP-Liberale Fraktion,Peter,Mitglied,Schilliger,3029,FDP-Liberale,FDP.Die Liberalen,http://www.parlament.ch/SiteCollectionImages/profil/225x225/3029.jpg,www.peter-schilliger.ch,910656722330349,Peter Schilliger,Peter-Schilliger
Petra Gössi,4116,2016-05-02T14:04:40Z,http://www.parlament.ch/d/suche/Seiten/biografie.aspx?biografie_id=4116,SZ,Schwyz,N,RL,FDP-Liberale Fraktion,Petra,Mitglied,Gössi,3023,FDP-Liberale,FDP.Die Liberalen,http://www.parlament.ch/SiteCollectionImages/profil/225x225/3023.jpg,www.petra-goessi.ch,196797474077015,Petra Gössi,PetraGoessi/
Philipp Hadorn,4076,2017-01-24T16:13:34Z,http://www.parlament.ch/d/suche/Seiten/biografie.aspx?biografie_id=4076,SO,Solothurn,N,S,Sozialdemokratische Fraktion,Philipp,Mitglied,Hadorn,2792,SP,Sozialdemokratische Partei der Schweiz,http://www.parlament.ch/SiteCollectionImages/profil/225x225/2792.jpg,www.philipp-hadorn.ch,,,philipp.hadorn
Philipp Müller,1141,2017-11-20T08:26:22Z,http://www.parlament.ch/d/suche/Seiten/biografie.aspx?biografie_id=1141,AG,Aargau,S,RL,FDP-Liberale Fraktion,Philipp,Mitglied,Müller,2616,FDP-Liberale,FDP.Die Liberalen,http://www.parlament.ch/SiteCollectionImages/profil/225x225/2616.jpg,,152612508425484,Philipp Müller in den Ständerat,PhilippMuellerSR/
Philippe Bauer,4187,2015-11-06T14:14:26Z,http://www.parlament.ch/d/suche/Seiten/biografie.aspx?biografie_id=4187,NE,Neuenburg,N,RL,FDP-Liberale Fraktion,Philippe,Mitglied,Bauer,3059,FDP-Liberale,FDP.Die Liberalen,http://www.parlament.ch/SiteCollectionImages/profil/225x225/3059.jpg,www.avocatsneuchatel.ch,,,
Philippe Nantermod,4193,2018-01-09T15:08:05Z,http://www.parlament.ch/d/suche/Seiten/biografie.aspx?biografie_id=4193,VS,Wallis,N,RL,FDP-Liberale Fraktion,Philippe,Mitglied,Nantermod,3088,FDP-Liberale,FDP.Die Liberalen,http://www.parlament.ch/SiteCollectionImages/profil/225x225/3088.jpg,www.nantermod.com,183441641693664,Philippe Nantermod,nantermod
Pierre-Alain Fridez,4074,2016-02-02T10:36:06Z,http://www.parlament.ch/d/suche/Seiten/biografie.aspx?biografie_id=4074,JU,Jura,N,S,Sozialdemokratische Fraktion,Pierre-Alain,Mitglied,Fridez,2778,SP,Sozialdemokratische Partei der Schweiz,http://www.parlament.ch/SiteCollectionImages/profil/225x225/2778.jpg,,,,
Pierre-André Page,4169,2015-11-05T10:50:49Z,http://www.parlament.ch/d/suche/Seiten/biografie.aspx?biografie_id=4169,FR,Freiburg,N,V,Fraktion der Schweizerischen Volkspartei,Pierre-André,Mitglied,Page,3090,SVP,Schweizerische Volkspartei,http://www.parlament.ch/SiteCollectionImages/profil/225x225/3090.jpg,www.pierreandrepage.ch,,,pierreandre.page.cn/
Pirmin Bischof,3871,2016-04-05T11:11:28Z,http://www.parlament.ch/d/suche/Seiten/biografie.aspx?biografie_id=3871,SO,Solothurn,S,C,CVP-Fraktion,Pirmin,Mitglied,Bischof,2674,CVP,Christlichdemokratische Volkspartei der Schweiz,http://www.parlament.ch/SiteCollectionImages/profil/225x225/2674.jpg,www.pirmin-bischof.ch,154565037937790,Pirmin Bischof,PirminBischof/
Pirmin Schwander,1159,2015-11-12T17:46:50Z,http://www.parlament.ch/d/suche/Seiten/biografie.aspx?biografie_id=1159,SZ,Schwyz,N,V,Fraktion der Schweizerischen Volkspartei,Pirmin,Mitglied,Schwander,2631,SVP,Schweizerische Volkspartei,http://www.parlament.ch/SiteCollectionImages/profil/225x225/2631.jpg,www.pirmin-schwander.ch,,,
Prisca Birrer-Heimo,4030,2015-05-17T21:18:19Z,http://www.parlament.ch/d/suche/Seiten/biografie.aspx?biografie_id=4030,LU,Luzern,N,S,Sozialdemokratische Fraktion,Prisca,Mitglied,Birrer-Heimo,2743,SP,Sozialdemokratische Partei der Schweiz,http://www.parlament.ch/SiteCollectionImages/profil/225x225/2743.jpg,www.priscabirrer-heimo.ch,,,
Priska Seiler Graf,4199,2018-02-21T08:57:17Z,http://www.parlament.ch/d/suche/Seiten/biografie.aspx?biografie_id=4199,ZH,Zürich,N,S,Sozialdemokratische Fraktion,Priska,Mitglied,Seiler Graf,3094,SP,Sozialdemokratische Partei der Schweiz,http://www.parlament.ch/SiteCollectionImages/profil/225x225/3094.jpg,www.priskaseilergraf.ch,,,priska.seilergraf/
Raphaël Comte,4026,2018-02-21T09:13:51Z,http://www.parlament.ch/d/suche/Seiten/biografie.aspx?biografie_id=4026,NE,Neuenburg,S,RL,FDP-Liberale Fraktion,Raphaël,Mitglied,Comte,2741,FDP-Liberale,FDP.Die Liberalen,http://www.parlament.ch/SiteCollectionImages/profil/225x225/2741.jpg,,,,
Raymond Clottu,4135,2015-11-10T14:47:10Z,http://www.parlament.ch/d/suche/Seiten/biografie.aspx?biografie_id=4135,NE,Neuenburg,N,V,Fraktion der Schweizerischen Volkspartei,Raymond,Mitglied,Clottu,3037,-,parteilos,http://www.parlament.ch/SiteCollectionImages/profil/225x225/3037.jpg,,,,
Rebecca Ana Ruiz,4143,2017-05-08T10:29:09Z,http://www.parlament.ch/d/suche/Seiten/biografie.aspx?biografie_id=4143,VD,Waadt,N,S,Sozialdemokratische Fraktion,Rebecca Ana,Mitglied,Ruiz,3045,SP,Sozialdemokratische Partei der Schweiz,http://www.parlament.ch/SiteCollectionImages/profil/225x225/3045.jpg,www.rebeccaruiz.ch,,,rebeccaruiz4
Regine Sauter,4202,2018-01-10T17:02:18Z,http://www.parlament.ch/d/suche/Seiten/biografie.aspx?biografie_id=4202,ZH,Zürich,N,RL,FDP-Liberale Fraktion,Regine,Mitglied,Sauter,3103,FDP-Liberale,FDP.Die Liberalen,http://www.parlament.ch/SiteCollectionImages/profil/225x225/3103.jpg,www.regine-sauter.ch,1426072874321965,Regine Sauter,RegineSauterPolitik/
Regula Rytz,4095,2016-12-21T08:26:43Z,http://www.parlament.ch/d/suche/Seiten/biografie.aspx?biografie_id=4095,BE,Bern,N,G,Grüne Fraktion,Regula,Mitglied,Rytz,3000,GPS,Grüne Partei der Schweiz,http://www.parlament.ch/SiteCollectionImages/profil/225x225/3000.jpg,www.regularytz.ch,,,regula.rytz.3
Robert Cramer,3914,2015-12-03T17:17:37Z,http://www.parlament.ch/d/suche/Seiten/biografie.aspx?biografie_id=3914,GE,Genf,S,G,Grüne Fraktion,Robert,Mitglied,Cramer,2717,GPS,Grüne Partei der Schweiz,http://www.parlament.ch/SiteCollectionImages/profil/225x225/2717.jpg,www.robertcramer.ch,,,
Roberta Pantani,4073,2018-01-09T16:25:33Z,http://www.parlament.ch/d/suche/Seiten/biografie.aspx?biografie_id=4073,TI,Tessin,N,V,Fraktion der Schweizerischen Volkspartei,Roberta,Mitglied,Pantani,2773,Lega,Lega dei Ticinesi,http://www.parlament.ch/SiteCollectionImages/profil/225x225/2773.jpg,www.robertapantani.ch,266916723382100,Roberta Pantani,pantaniroberta/
Roberto Zanetti,525,2017-11-28T09:38:31Z,http://www.parlament.ch/d/suche/Seiten/biografie.aspx?biografie_id=525,SO,Solothurn,S,S,Sozialdemokratische Fraktion,Roberto,Mitglied,Zanetti,2546,SP,Sozialdemokratische Partei der Schweiz,http://www.parlament.ch/SiteCollectionImages/profil/225x225/2546.jpg,www.robertozanetti.ch,322381162041,Ständerat Roberto Zanetti,staenderat
Rocco Cattaneo,4217,2018-01-10T16:50:55Z,http://www.parlament.ch/d/suche/Seiten/biografie.aspx?biografie_id=4217,TI,Tessin,N,RL,FDP-Liberale Fraktion,Rocco,Mitglied,Cattaneo,3118,FDP-Liberale,FDP.Die Liberalen,http://www.parlament.ch/SiteCollectionImages/profil/225x225/3118.jpg,www.roccocattaneo.ch,,,rocco.cattaneo.plr/videos/891826954314651/
Roger Golay,4137,2018-01-10T16:43:19Z,http://www.parlament.ch/d/suche/Seiten/biografie.aspx?biografie_id=4137,GE,Genf,N,V,Fraktion der Schweizerischen Volkspartei,Roger,Mitglied,Golay,3039,MCG,Mouvement Citoyens Genevois,http://www.parlament.ch/SiteCollectionImages/profil/225x225/3039.jpg,,,,
Roger Köppel,4166,2015-11-20T14:49:26Z,http://www.parlament.ch/d/suche/Seiten/biografie.aspx?biografie_id=4166,ZH,Zürich,N,V,Fraktion der Schweizerischen Volkspartei,Roger,Mitglied,Köppel,3082,SVP,Schweizerische Volkspartei,http://www.parlament.ch/SiteCollectionImages/profil/225x225/3082.jpg,www.rogerköppel.ch,392728321116759,Roger Köppel,Roger-Köppel
Roger Nordmann,1279,2015-11-13T14:49:35Z,http://www.parlament.ch/d/suche/Seiten/biografie.aspx?biografie_id=1279,VD,Waadt,N,S,Sozialdemokratische Fraktion,Roger,Präsident/in,Nordmann,2648,SP,Sozialdemokratische Partei der Schweiz,http://www.parlament.ch/SiteCollectionImages/profil/225x225/2648.jpg,www.roger-nordmann.ch,1806559992944271,"Roger Nordmann, conseiller national, président du Groupe socialiste",NordmannRoger
Roland Eberle,4068,2015-05-17T21:18:19Z,http://www.parlament.ch/d/suche/Seiten/biografie.aspx?biografie_id=4068,TG,Thurgau,S,V,Fraktion der Schweizerischen Volkspartei,Roland,Mitglied,Eberle,2774,SVP,Schweizerische Volkspartei,http://www.parlament.ch/SiteCollectionImages/profil/225x225/2774.jpg,www.roland-eberle.ch,222426197772079,Roland Eberle,roland.eberle.ch/
Roland Rino Büchel,4025,2015-12-02T14:04:53Z,http://www.parlament.ch/d/suche/Seiten/biografie.aspx?biografie_id=4025,SG,St. Gallen,N,V,Fraktion der Schweizerischen Volkspartei,Roland Rino,Mitglied,Büchel,2740,SVP,Schweizerische Volkspartei,http://www.parlament.ch/SiteCollectionImages/profil/225x225/2740.jpg,www.rolandbuechel.ch,,,
Rosmarie Quadranti,4066,2017-04-25T09:12:37Z,http://www.parlament.ch/d/suche/Seiten/biografie.aspx?biografie_id=4066,ZH,Zürich,N,BD,Fraktion BD,Rosmarie,Präsident/in,Quadranti,2779,BDP,Bürgerlich-Demokratische Partei Schweiz,http://www.parlament.ch/SiteCollectionImages/profil/225x225/2779.jpg,www.rosmarie-quadranti.ch,1031179263634811,Nationalrätin Rosmarie Quadranti,Nationalrätin-Rosmarie-Quadranti
Ruedi Noser,1153,2018-02-21T09:28:53Z,http://www.parlament.ch/d/suche/Seiten/biografie.aspx?biografie_id=1153,ZH,Zürich,S,RL,FDP-Liberale Fraktion,Ruedi,Mitglied,Noser,2619,FDP-Liberale,FDP.Die Liberalen,http://www.parlament.ch/SiteCollectionImages/profil/225x225/2619.jpg,www.ruedinoser.ch,689299061082133,Ruedi Noser,ruedi.noser/
Ruth Humbel,1071,2016-11-09T13:04:15Z,http://www.parlament.ch/d/suche/Seiten/biografie.aspx?biografie_id=1071,AG,Aargau,N,C,CVP-Fraktion,Ruth,Mitglied,Humbel,2580,CVP,Christlichdemokratische Volkspartei der Schweiz,http://www.parlament.ch/SiteCollectionImages/profil/225x225/2580.jpg,www.ruthhumbel.ch,,,ruth.humbel.3
Samuel Bendahan,4213,2017-06-08T11:24:56Z,http://www.parlament.ch/d/suche/Seiten/biografie.aspx?biografie_id=4213,VD,Waadt,N,S,Sozialdemokratische Fraktion,Samuel,Mitglied,Bendahan,3114,SP,Sozialdemokratische Partei der Schweiz,http://www.parlament.ch/SiteCollectionImages/profil/225x225/3114.jpg,,,,
Sandra Sollberger,4173,2016-11-21T09:31:20Z,http://www.parlament.ch/d/suche/Seiten/biografie.aspx?biografie_id=4173,BL,Basel-Landschaft,N,V,Fraktion der Schweizerischen Volkspartei,Sandra,Mitglied,Sollberger,3095,SVP,Schweizerische Volkspartei,http://www.parlament.ch/SiteCollectionImages/profil/225x225/3095.jpg,,,,
Sebastian Frehner,4042,2018-01-16T10:39:33Z,http://www.parlament.ch/d/suche/Seiten/biografie.aspx?biografie_id=4042,BS,Basel-Stadt,N,V,Fraktion der Schweizerischen Volkspartei,Sebastian,Mitglied,Frehner,2750,SVP,Schweizerische Volkspartei,http://www.parlament.ch/SiteCollectionImages/profil/225x225/2750.jpg,www.sebastian-frehner.ch,130982674242094,Sebastian Frehner,sebastian.frehner 
Sibel Arslan,4184,2016-09-15T10:46:50Z,http://www.parlament.ch/d/suche/Seiten/biografie.aspx?biografie_id=4184,BS,Basel-Stadt,N,G,Grüne Fraktion,Sibel,Mitglied,Arslan,3058,BastA,Grüne (Basels starke Alternative),http://www.parlament.ch/SiteCollectionImages/profil/225x225/3058.jpg,www.sibel-arslan.ch,,,Sibel-Arslan-Federal-Mecliste-Sibel-Arslan-ist-im-Nationalrat
Silva Semadeni,354,2018-02-21T11:14:15Z,http://www.parlament.ch/d/suche/Seiten/biografie.aspx?biografie_id=354,GR,Graubünden,N,S,Sozialdemokratische Fraktion,Silva,Mitglied,Semadeni,2417,SP,Sozialdemokratische Partei der Schweiz,http://www.parlament.ch/SiteCollectionImages/profil/225x225/2417.jpg,www.silvasemadeni.ch,,,silva.semadeni
Silvia Schenker,1129,2015-11-13T13:43:40Z,http://www.parlament.ch/d/suche/Seiten/biografie.aspx?biografie_id=1129,BS,Basel-Stadt,N,S,Sozialdemokratische Fraktion,Silvia,Mitglied,Schenker,2630,SP,Sozialdemokratische Partei der Schweiz,http://www.parlament.ch/SiteCollectionImages/profil/225x225/2630.jpg,www.silviaschenker.ch,258185177543808,Silvia Schenker Nationalrätin,Nationalraetin.Silvia.Schenker/
Stefan Engler,4055,2016-02-02T09:45:41Z,http://www.parlament.ch/d/suche/Seiten/biografie.aspx?biografie_id=4055,GR,Graubünden,S,C,CVP-Fraktion,Stefan,Mitglied,Engler,2768,CVP,Christlichdemokratische Volkspartei der Schweiz,http://www.parlament.ch/SiteCollectionImages/profil/225x225/2768.jpg,www.stefanengler.ch,,,
Stefan Müller-Altermatt,4063,2018-02-21T10:16:18Z,http://www.parlament.ch/d/suche/Seiten/biografie.aspx?biografie_id=4063,SO,Solothurn,N,C,CVP-Fraktion,Stefan,Mitglied,Müller-Altermatt,2771,CVP,Christlichdemokratische Volkspartei der Schweiz,http://www.parlament.ch/SiteCollectionImages/profil/225x225/2771.jpg,www.mueller-altermatt.ch,,,stefan.mulleraltermatt
Susanne Leutenegger Oberholzer,487,2017-03-22T14:56:46Z,http://www.parlament.ch/d/suche/Seiten/biografie.aspx?biografie_id=487,BL,Basel-Landschaft,N,S,Sozialdemokratische Fraktion,Susanne,Mitglied,Leutenegger Oberholzer,2129,SP,Sozialdemokratische Partei der Schweiz,http://www.parlament.ch/SiteCollectionImages/profil/225x225/2129.jpg,www.s-leutenegger-oberholzer.ch,,,pages/Susanne-Leutenegger-Oberholzer/1461138617521787?fref=ts
Sylvia Flückiger-Bäni,3878,2016-11-21T10:23:35Z,http://www.parlament.ch/d/suche/Seiten/biografie.aspx?biografie_id=3878,AG,Aargau,N,V,Fraktion der Schweizerischen Volkspartei,Sylvia,Mitglied,Flückiger-Bäni,2681,SVP,Schweizerische Volkspartei,http://www.parlament.ch/SiteCollectionImages/profil/225x225/2681.jpg,www.politikerin.ch,,,
Thierry Burkart,4189,2018-01-10T16:51:56Z,http://www.parlament.ch/d/suche/Seiten/biografie.aspx?biografie_id=4189,AG,Aargau,N,RL,FDP-Liberale Fraktion,Thierry,Mitglied,Burkart,3065,FDP-Liberale,FDP.Die Liberalen,http://www.parlament.ch/SiteCollectionImages/profil/225x225/3065.jpg,www.thierry-burkart.ch,,,thierry.burkart
Thomas Aeschi,4053,2018-02-21T08:42:32Z,http://www.parlament.ch/d/suche/Seiten/biografie.aspx?biografie_id=4053,ZG,Zug,N,V,Fraktion der Schweizerischen Volkspartei,Thomas,Präsident/in,Aeschi,2758,SVP,Schweizerische Volkspartei,http://www.parlament.ch/SiteCollectionImages/profil/225x225/2758.jpg,www.aeschi.com,1103202446373147,Thomas  Aeschi,aeschi
Thomas Ammann,4180,2017-10-09T10:36:47Z,http://www.parlament.ch/d/suche/Seiten/biografie.aspx?biografie_id=4180,SG,St. Gallen,N,C,CVP-Fraktion,Thomas,Mitglied,Ammann,3056,CVP,Christlichdemokratische Volkspartei der Schweiz,http://www.parlament.ch/SiteCollectionImages/profil/225x225/3056.jpg,www.th-ammann.ch,220459971297537,Thomas Ammann,thomas.ammann.ch/
Thomas Burgherr,4158,2018-01-10T16:52:13Z,http://www.parlament.ch/d/suche/Seiten/biografie.aspx?biografie_id=4158,AG,Aargau,N,V,Fraktion der Schweizerischen Volkspartei,Thomas,Mitglied,Burgherr,3064,SVP,Schweizerische Volkspartei,http://www.parlament.ch/SiteCollectionImages/profil/225x225/3064.jpg,www.thomasburgherr.ch,1659525020947239,Thomas Burgherr,thomasburgherrofficial/
Thomas Egger,4212,2017-11-20T09:26:42Z,http://www.parlament.ch/d/suche/Seiten/biografie.aspx?biografie_id=4212,VS,Wallis,N,C,CVP-Fraktion,Thomas,Mitglied,Egger,3113,CSPO,Christlichsoziale Volkspartei Oberwallis,http://www.parlament.ch/SiteCollectionImages/profil/225x225/3113.jpg,www.thomasegger.ch,,,thomas.egger.144?fref=ts
Thomas Hardegger,4061,2017-06-15T08:53:29Z,http://www.parlament.ch/d/suche/Seiten/biografie.aspx?biografie_id=4061,ZH,Zürich,N,S,Sozialdemokratische Fraktion,Thomas,Mitglied,Hardegger,2763,SP,Sozialdemokratische Partei der Schweiz,http://www.parlament.ch/SiteCollectionImages/profil/225x225/2763.jpg,www.thomashardegger.ch,,,thomas.hardegger.18?ref=tn_tnmn
Thomas Hefti,4139,2015-12-08T17:18:58Z,http://www.parlament.ch/d/suche/Seiten/biografie.aspx?biografie_id=4139,GL,Glarus,S,RL,FDP-Liberale Fraktion,Thomas,Mitglied,Hefti,3041,FDP-Liberale,FDP.Die Liberalen,http://www.parlament.ch/SiteCollectionImages/profil/225x225/3041.jpg,www.thomashefti.ch,,,
Thomas Hurter,3890,2016-06-13T11:45:07Z,http://www.parlament.ch/d/suche/Seiten/biografie.aspx?biografie_id=3890,SH,Schaffhausen,N,V,Fraktion der Schweizerischen Volkspartei,Thomas,Mitglied,Hurter,2693,SVP,Schweizerische Volkspartei,http://www.parlament.ch/SiteCollectionImages/profil/225x225/2693.jpg,www.thomas-hurter.ch,,,
Thomas Matter,4144,2017-11-20T08:40:41Z,http://www.parlament.ch/d/suche/Seiten/biografie.aspx?biografie_id=4144,ZH,Zürich,N,V,Fraktion der Schweizerischen Volkspartei,Thomas,Mitglied,Matter,3046,SVP,Schweizerische Volkspartei,http://www.parlament.ch/SiteCollectionImages/profil/225x225/3046.jpg,www.thomasmatter.ch,259871484198551,Thomas Matter,th.matter
Thomas Minder,4112,2017-11-13T09:28:49Z,http://www.parlament.ch/d/suche/Seiten/biografie.aspx?biografie_id=4112,SH,Schaffhausen,S,V,Fraktion der Schweizerischen Volkspartei,Thomas,Mitglied,Minder,3019,-,parteilos,http://www.parlament.ch/SiteCollectionImages/profil/225x225/3019.jpg,www.minder.sh,1664298730448985,Tom Minder_Author,tom.minder
Thomas Müller,1345,2015-12-08T17:29:19Z,http://www.parlament.ch/d/suche/Seiten/biografie.aspx?biografie_id=1345,SG,St. Gallen,N,V,Fraktion der Schweizerischen Volkspartei,Thomas,Mitglied,Müller,2661,SVP,Schweizerische Volkspartei,http://www.parlament.ch/SiteCollectionImages/profil/225x225/2661.jpg,,,,
Thomas Weibel,3931,2016-04-05T11:11:10Z,http://www.parlament.ch/d/suche/Seiten/biografie.aspx?biografie_id=3931,ZH,Zürich,N,GL,Grünliberale Fraktion,Thomas,Mitglied,Weibel,2728,glp,Grünliberale Partei,http://www.parlament.ch/SiteCollectionImages/profil/225x225/2728.jpg,www.glpweibel.ch,,,thomas.weibel.58
Thomas de Courten,4051,2015-10-26T16:18:28Z,http://www.parlament.ch/d/suche/Seiten/biografie.aspx?biografie_id=4051,BL,Basel-Landschaft,N,V,Fraktion der Schweizerischen Volkspartei,Thomas,Mitglied,de Courten,2757,SVP,Schweizerische Volkspartei,http://www.parlament.ch/SiteCollectionImages/profil/225x225/2757.jpg,www.decourten.info,,,pages/Thomas-de-Courten-Nationalrat/201433699906574
Tiana Angelina Moser,3897,2017-05-08T10:29:38Z,http://www.parlament.ch/d/suche/Seiten/biografie.aspx?biografie_id=3897,ZH,Zürich,N,GL,Grünliberale Fraktion,Tiana Angelina,Präsident/in,Moser,2700,glp,Grünliberale Partei,http://www.parlament.ch/SiteCollectionImages/profil/225x225/2700.jpg,www.tianamoser.ch,,,
Tim Guldimann,4196,2016-11-09T11:34:14Z,http://www.parlament.ch/d/suche/Seiten/biografie.aspx?biografie_id=4196,ZH,Zürich,N,S,Sozialdemokratische Fraktion,Tim,Mitglied,Guldimann,3077,SP,Sozialdemokratische Partei der Schweiz,http://www.parlament.ch/SiteCollectionImages/profil/225x225/3077.jpg,www.timguldimann.ch,,,profile.php?id=100009127862402
Toni Brunner,307,2016-05-02T13:44:06Z,http://www.parlament.ch/d/suche/Seiten/biografie.aspx?biografie_id=307,SG,St. Gallen,N,V,Fraktion der Schweizerischen Volkspartei,Toni,Mitglied,Brunner,2372,SVP,Schweizerische Volkspartei,http://www.parlament.ch/SiteCollectionImages/profil/225x225/2372.jpg,www.tonibrunner.ch,1448793608722196,Toni Brunner,SVPBrunner
Ulrich Giezendanner,91,2018-01-16T14:50:10Z,http://www.parlament.ch/d/suche/Seiten/biografie.aspx?biografie_id=91,AG,Aargau,N,V,Fraktion der Schweizerischen Volkspartei,Ulrich,Mitglied,Giezendanner,2292,SVP,Schweizerische Volkspartei,http://www.parlament.ch/SiteCollectionImages/profil/225x225/2292.jpg,www.giezi-rothrist.ch,,,ulrichgiezendanner
Ursula Schneider Schüttel,4123,2018-02-21T11:15:36Z,http://www.parlament.ch/d/suche/Seiten/biografie.aspx?biografie_id=4123,FR,Freiburg,N,S,Sozialdemokratische Fraktion,Ursula,Mitglied,Schneider Schüttel,3028,SP,Sozialdemokratische Partei der Schweiz,http://www.parlament.ch/SiteCollectionImages/profil/225x225/3028.jpg,www.ursulaschneider.ch,,,ursulamurten
Valérie Piller Carrard,4109,2015-11-13T12:28:12Z,http://www.parlament.ch/d/suche/Seiten/biografie.aspx?biografie_id=4109,FR,Freiburg,N,S,Sozialdemokratische Fraktion,Valérie,Mitglied,Piller Carrard,3009,SP,Sozialdemokratische Partei der Schweiz,http://www.parlament.ch/SiteCollectionImages/profil/225x225/3009.jpg,www.valerie-piller-carrard.ch,190362411715674,Valérie Piller Carrard,pillercarrard/
Verena Herzog,4129,2016-04-05T11:10:00Z,http://www.parlament.ch/d/suche/Seiten/biografie.aspx?biografie_id=4129,TG,Thurgau,N,V,Fraktion der Schweizerischen Volkspartei,Verena,Mitglied,Herzog,3033,SVP,Schweizerische Volkspartei,http://www.parlament.ch/SiteCollectionImages/profil/225x225/3033.jpg,www.verena-herzog.ch,211255448893629,Verena Herzog,verenaherzog.ch/
Viola Amherd,1288,2016-02-01T11:24:06Z,http://www.parlament.ch/d/suche/Seiten/biografie.aspx?biografie_id=1288,VS,Wallis,N,C,CVP-Fraktion,Viola,Vizepräsident/in,Amherd,2646,CVP,Christlichdemokratische Volkspartei der Schweiz,http://www.parlament.ch/SiteCollectionImages/profil/225x225/2646.jpg,www.viola-amherd.ch,,,people/Viola-Amherd/100000291840744
Walter Müller,1137,2015-11-03T15:16:45Z,http://www.parlament.ch/d/suche/Seiten/biografie.aspx?biografie_id=1137,SG,St. Gallen,N,RL,FDP-Liberale Fraktion,Walter,Mitglied,Müller,2617,FDP-Liberale,FDP.Die Liberalen,http://www.parlament.ch/SiteCollectionImages/profil/225x225/2617.jpg,www.walter-mueller.ch,,,walter.muller.94617
Walter Wobmann,1142,2018-01-10T16:53:57Z,http://www.parlament.ch/d/suche/Seiten/biografie.aspx?biografie_id=1142,SO,Solothurn,N,V,Fraktion der Schweizerischen Volkspartei,Walter,Mitglied,Wobmann,2638,SVP,Schweizerische Volkspartei,http://www.parlament.ch/SiteCollectionImages/profil/225x225/2638.jpg,www.walter-wobmann.ch,,,walter.wobmann
Werner Hösli,4145,2015-05-17T21:18:19Z,http://www.parlament.ch/d/suche/Seiten/biografie.aspx?biografie_id=4145,GL,Glarus,S,V,Fraktion der Schweizerischen Volkspartei,Werner,Mitglied,Hösli,3047,SVP,Schweizerische Volkspartei,http://www.parlament.ch/SiteCollectionImages/profil/225x225/3047.jpg,,476943312405405,Werner Hösli,wernerhoesli/
Werner Luginbühl,3918,2017-01-10T08:57:00Z,http://www.parlament.ch/d/suche/Seiten/biografie.aspx?biografie_id=3918,BE,Bern,S,BD,Fraktion BD,Werner,Mitglied,Luginbühl,2721,BDP,Bürgerlich-Demokratische Partei Schweiz,http://www.parlament.ch/SiteCollectionImages/profil/225x225/2721.jpg,www.werner-luginbuehl.ch,,,
Werner Salzmann,4172,2016-11-15T16:03:07Z,http://www.parlament.ch/d/suche/Seiten/biografie.aspx?biografie_id=4172,BE,Bern,N,V,Fraktion der Schweizerischen Volkspartei,Werner,Mitglied,Salzmann,3092,SVP,Schweizerische Volkspartei,http://www.parlament.ch/SiteCollectionImages/profil/225x225/3092.jpg,www.werner-salzmann.ch,459193977585891,Werner Salzmann,Werner-Salzmann
Yves Nidegger,3898,2016-06-06T10:24:36Z,http://www.parlament.ch/d/suche/Seiten/biografie.aspx?biografie_id=3898,GE,Genf,N,V,Fraktion der Schweizerischen Volkspartei,Yves,Mitglied,Nidegger,2701,SVP,Schweizerische Volkspartei,http://www.parlament.ch/SiteCollectionImages/profil/225x225/2701.jpg,www.nideggerlaw.ch,362991840477431,Yves Nidegger,yves.nidegger
Yvette Estermann,3876,2018-01-16T10:38:57Z,http://www.parlament.ch/d/suche/Seiten/biografie.aspx?biografie_id=3876,LU,Luzern,N,V,Fraktion der Schweizerischen Volkspartei,Yvette,Mitglied,Estermann,2679,SVP,Schweizerische Volkspartei,http://www.parlament.ch/SiteCollectionImages/profil/225x225/2679.jpg,www.estermann-aktuell.ch,,,
Yvonne Feri,4069,2016-11-24T11:12:29Z,http://www.parlament.ch/d/suche/Seiten/biografie.aspx?biografie_id=4069,AG,Aargau,N,S,Sozialdemokratische Fraktion,Yvonne,Mitglied,Feri,2777,SP,Sozialdemokratische Partei der Schweiz,http://www.parlament.ch/SiteCollectionImages/profil/225x225/2777.jpg,www.yvonneferi.ch,180463245310322,Yvonne Feri - Politikerin aus Überzeugung,yvonne.feri
